,label,model,nFeatures,truePos,trueNeg,falsePos,falseNeg,testIndex
0,phq,NB,1,0,0,1,0,0
1,phq,LR1,1,0,0,1,0,0
2,phq,SVC1,1,0,0,1,0,0
3,phq,kNN5,1,0,1,0,0,0
4,phq,RF,1,0,0,1,0,0
5,phq,XG,1,0,0,1,0,0
6,phq,NB,2,0,0,1,0,0
7,phq,LR1,2,0,0,1,0,0
8,phq,SVC1,2,0,0,1,0,0
9,phq,kNN5,2,0,1,0,0,0
10,phq,RF,2,0,0,1,0,0
11,phq,XG,2,0,0,1,0,0
12,phq,NB,3,0,0,1,0,0
13,phq,LR1,3,0,0,1,0,0
14,phq,SVC1,3,0,0,1,0,0
15,phq,kNN5,3,0,1,0,0,0
16,phq,RF,3,0,1,0,0,0
17,phq,XG,3,0,0,1,0,0
18,phq,NB,4,0,0,1,0,0
19,phq,LR1,4,0,0,1,0,0
20,phq,SVC1,4,0,0,1,0,0
21,phq,kNN5,4,0,1,0,0,0
22,phq,RF,4,0,1,0,0,0
23,phq,XG,4,0,1,0,0,0
24,phq,NB,5,0,0,1,0,0
25,phq,LR1,5,0,0,1,0,0
26,phq,SVC1,5,0,0,1,0,0
27,phq,kNN5,5,0,0,1,0,0
28,phq,RF,5,0,1,0,0,0
29,phq,XG,5,0,1,0,0,0
30,phq,NB,6,0,0,1,0,0
31,phq,LR1,6,0,0,1,0,0
32,phq,SVC1,6,0,0,1,0,0
33,phq,kNN5,6,0,0,1,0,0
34,phq,RF,6,0,1,0,0,0
35,phq,XG,6,0,1,0,0,0
36,phq,NB,7,0,0,1,0,0
37,phq,LR1,7,0,0,1,0,0
38,phq,SVC1,7,0,0,1,0,0
39,phq,kNN5,7,0,0,1,0,0
40,phq,RF,7,0,1,0,0,0
41,phq,XG,7,0,1,0,0,0
42,phq,NB,8,0,0,1,0,0
43,phq,LR1,8,0,0,1,0,0
44,phq,SVC1,8,0,0,1,0,0
45,phq,kNN5,8,0,0,1,0,0
46,phq,RF,8,0,1,0,0,0
47,phq,XG,8,0,1,0,0,0
48,phq,NB,1,0,0,1,0,1
49,phq,LR1,1,0,1,0,0,1
50,phq,SVC1,1,0,1,0,0,1
51,phq,kNN5,1,0,1,0,0,1
52,phq,RF,1,0,1,0,0,1
53,phq,XG,1,0,1,0,0,1
54,phq,NB,2,0,0,1,0,1
55,phq,LR1,2,0,1,0,0,1
56,phq,SVC1,2,0,1,0,0,1
57,phq,kNN5,2,0,1,0,0,1
58,phq,RF,2,0,0,1,0,1
59,phq,XG,2,0,1,0,0,1
60,phq,NB,3,0,0,1,0,1
61,phq,LR1,3,0,1,0,0,1
62,phq,SVC1,3,0,1,0,0,1
63,phq,kNN5,3,0,1,0,0,1
64,phq,RF,3,0,1,0,0,1
65,phq,XG,3,0,1,0,0,1
66,phq,NB,4,0,0,1,0,1
67,phq,LR1,4,0,1,0,0,1
68,phq,SVC1,4,0,1,0,0,1
69,phq,kNN5,4,0,0,1,0,1
70,phq,RF,4,0,0,1,0,1
71,phq,XG,4,0,1,0,0,1
72,phq,NB,5,0,0,1,0,1
73,phq,LR1,5,0,1,0,0,1
74,phq,SVC1,5,0,1,0,0,1
75,phq,kNN5,5,0,1,0,0,1
76,phq,RF,5,0,1,0,0,1
77,phq,XG,5,0,1,0,0,1
78,phq,NB,6,0,1,0,0,1
79,phq,LR1,6,0,1,0,0,1
80,phq,SVC1,6,0,1,0,0,1
81,phq,kNN5,6,0,1,0,0,1
82,phq,RF,6,0,1,0,0,1
83,phq,XG,6,0,0,1,0,1
84,phq,NB,7,0,1,0,0,1
85,phq,LR1,7,0,1,0,0,1
86,phq,SVC1,7,0,1,0,0,1
87,phq,kNN5,7,0,1,0,0,1
88,phq,RF,7,0,1,0,0,1
89,phq,XG,7,0,1,0,0,1
90,phq,NB,8,0,1,0,0,1
91,phq,LR1,8,0,1,0,0,1
92,phq,SVC1,8,0,1,0,0,1
93,phq,kNN5,8,0,1,0,0,1
94,phq,RF,8,0,1,0,0,1
95,phq,XG,8,0,1,0,0,1
96,phq,NB,1,0,0,1,0,2
97,phq,LR1,1,0,0,1,0,2
98,phq,SVC1,1,0,1,0,0,2
99,phq,kNN5,1,0,1,0,0,2
100,phq,RF,1,0,1,0,0,2
101,phq,XG,1,0,1,0,0,2
102,phq,NB,2,0,0,1,0,2
103,phq,LR1,2,0,0,1,0,2
104,phq,SVC1,2,0,1,0,0,2
105,phq,kNN5,2,0,0,1,0,2
106,phq,RF,2,0,1,0,0,2
107,phq,XG,2,0,1,0,0,2
108,phq,NB,3,0,0,1,0,2
109,phq,LR1,3,0,0,1,0,2
110,phq,SVC1,3,0,1,0,0,2
111,phq,kNN5,3,0,0,1,0,2
112,phq,RF,3,0,1,0,0,2
113,phq,XG,3,0,0,1,0,2
114,phq,NB,4,0,0,1,0,2
115,phq,LR1,4,0,0,1,0,2
116,phq,SVC1,4,0,1,0,0,2
117,phq,kNN5,4,0,0,1,0,2
118,phq,RF,4,0,1,0,0,2
119,phq,XG,4,0,1,0,0,2
120,phq,NB,5,0,0,1,0,2
121,phq,LR1,5,0,0,1,0,2
122,phq,SVC1,5,0,1,0,0,2
123,phq,kNN5,5,0,1,0,0,2
124,phq,RF,5,0,1,0,0,2
125,phq,XG,5,0,1,0,0,2
126,phq,NB,6,0,0,1,0,2
127,phq,LR1,6,0,0,1,0,2
128,phq,SVC1,6,0,0,1,0,2
129,phq,kNN5,6,0,1,0,0,2
130,phq,RF,6,0,0,1,0,2
131,phq,XG,6,0,0,1,0,2
132,phq,NB,7,0,0,1,0,2
133,phq,LR1,7,0,0,1,0,2
134,phq,SVC1,7,0,0,1,0,2
135,phq,kNN5,7,0,1,0,0,2
136,phq,RF,7,0,1,0,0,2
137,phq,XG,7,0,1,0,0,2
138,phq,NB,8,0,0,1,0,2
139,phq,LR1,8,0,0,1,0,2
140,phq,SVC1,8,0,0,1,0,2
141,phq,kNN5,8,0,1,0,0,2
142,phq,RF,8,0,1,0,0,2
143,phq,XG,8,0,0,1,0,2
144,phq,NB,1,1,0,0,0,3
145,phq,LR1,1,0,0,0,1,3
146,phq,SVC1,1,1,0,0,0,3
147,phq,kNN5,1,0,0,0,1,3
148,phq,RF,1,0,0,0,1,3
149,phq,XG,1,0,0,0,1,3
150,phq,NB,2,1,0,0,0,3
151,phq,LR1,2,1,0,0,0,3
152,phq,SVC1,2,1,0,0,0,3
153,phq,kNN5,2,1,0,0,0,3
154,phq,RF,2,0,0,0,1,3
155,phq,XG,2,0,0,0,1,3
156,phq,NB,3,1,0,0,0,3
157,phq,LR1,3,1,0,0,0,3
158,phq,SVC1,3,1,0,0,0,3
159,phq,kNN5,3,1,0,0,0,3
160,phq,RF,3,0,0,0,1,3
161,phq,XG,3,0,0,0,1,3
162,phq,NB,4,1,0,0,0,3
163,phq,LR1,4,1,0,0,0,3
164,phq,SVC1,4,1,0,0,0,3
165,phq,kNN5,4,1,0,0,0,3
166,phq,RF,4,1,0,0,0,3
167,phq,XG,4,0,0,0,1,3
168,phq,NB,5,1,0,0,0,3
169,phq,LR1,5,1,0,0,0,3
170,phq,SVC1,5,1,0,0,0,3
171,phq,kNN5,5,1,0,0,0,3
172,phq,RF,5,1,0,0,0,3
173,phq,XG,5,1,0,0,0,3
174,phq,NB,6,1,0,0,0,3
175,phq,LR1,6,1,0,0,0,3
176,phq,SVC1,6,1,0,0,0,3
177,phq,kNN5,6,0,0,0,1,3
178,phq,RF,6,1,0,0,0,3
179,phq,XG,6,1,0,0,0,3
180,phq,NB,7,1,0,0,0,3
181,phq,LR1,7,1,0,0,0,3
182,phq,SVC1,7,1,0,0,0,3
183,phq,kNN5,7,0,0,0,1,3
184,phq,RF,7,1,0,0,0,3
185,phq,XG,7,1,0,0,0,3
186,phq,NB,8,1,0,0,0,3
187,phq,LR1,8,1,0,0,0,3
188,phq,SVC1,8,1,0,0,0,3
189,phq,kNN5,8,1,0,0,0,3
190,phq,RF,8,1,0,0,0,3
191,phq,XG,8,1,0,0,0,3
192,phq,NB,1,1,0,0,0,4
193,phq,LR1,1,0,0,0,1,4
194,phq,SVC1,1,0,0,0,1,4
195,phq,kNN5,1,1,0,0,0,4
196,phq,RF,1,1,0,0,0,4
197,phq,XG,1,1,0,0,0,4
198,phq,NB,2,1,0,0,0,4
199,phq,LR1,2,0,0,0,1,4
200,phq,SVC1,2,0,0,0,1,4
201,phq,kNN5,2,0,0,0,1,4
202,phq,RF,2,0,0,0,1,4
203,phq,XG,2,0,0,0,1,4
204,phq,NB,3,1,0,0,0,4
205,phq,LR1,3,1,0,0,0,4
206,phq,SVC1,3,0,0,0,1,4
207,phq,kNN5,3,0,0,0,1,4
208,phq,RF,3,0,0,0,1,4
209,phq,XG,3,1,0,0,0,4
210,phq,NB,4,1,0,0,0,4
211,phq,LR1,4,1,0,0,0,4
212,phq,SVC1,4,0,0,0,1,4
213,phq,kNN5,4,0,0,0,1,4
214,phq,RF,4,1,0,0,0,4
215,phq,XG,4,1,0,0,0,4
216,phq,NB,5,1,0,0,0,4
217,phq,LR1,5,1,0,0,0,4
218,phq,SVC1,5,0,0,0,1,4
219,phq,kNN5,5,0,0,0,1,4
220,phq,RF,5,1,0,0,0,4
221,phq,XG,5,1,0,0,0,4
222,phq,NB,6,1,0,0,0,4
223,phq,LR1,6,1,0,0,0,4
224,phq,SVC1,6,0,0,0,1,4
225,phq,kNN5,6,0,0,0,1,4
226,phq,RF,6,1,0,0,0,4
227,phq,XG,6,1,0,0,0,4
228,phq,NB,7,1,0,0,0,4
229,phq,LR1,7,1,0,0,0,4
230,phq,SVC1,7,0,0,0,1,4
231,phq,kNN5,7,0,0,0,1,4
232,phq,RF,7,1,0,0,0,4
233,phq,XG,7,1,0,0,0,4
234,phq,NB,8,0,0,0,1,4
235,phq,LR1,8,1,0,0,0,4
236,phq,SVC1,8,0,0,0,1,4
237,phq,kNN5,8,0,0,0,1,4
238,phq,RF,8,1,0,0,0,4
239,phq,XG,8,1,0,0,0,4
240,phq,NB,1,0,0,1,0,5
241,phq,LR1,1,0,0,1,0,5
242,phq,SVC1,1,0,0,1,0,5
243,phq,kNN5,1,0,0,1,0,5
244,phq,RF,1,0,0,1,0,5
245,phq,XG,1,0,0,1,0,5
246,phq,NB,2,0,0,1,0,5
247,phq,LR1,2,0,0,1,0,5
248,phq,SVC1,2,0,0,1,0,5
249,phq,kNN5,2,0,1,0,0,5
250,phq,RF,2,0,0,1,0,5
251,phq,XG,2,0,0,1,0,5
252,phq,NB,3,0,0,1,0,5
253,phq,LR1,3,0,0,1,0,5
254,phq,SVC1,3,0,0,1,0,5
255,phq,kNN5,3,0,1,0,0,5
256,phq,RF,3,0,1,0,0,5
257,phq,XG,3,0,1,0,0,5
258,phq,NB,4,0,0,1,0,5
259,phq,LR1,4,0,0,1,0,5
260,phq,SVC1,4,0,0,1,0,5
261,phq,kNN5,4,0,1,0,0,5
262,phq,RF,4,0,1,0,0,5
263,phq,XG,4,0,1,0,0,5
264,phq,NB,5,0,0,1,0,5
265,phq,LR1,5,0,0,1,0,5
266,phq,SVC1,5,0,0,1,0,5
267,phq,kNN5,5,0,1,0,0,5
268,phq,RF,5,0,1,0,0,5
269,phq,XG,5,0,0,1,0,5
270,phq,NB,6,0,0,1,0,5
271,phq,LR1,6,0,0,1,0,5
272,phq,SVC1,6,0,0,1,0,5
273,phq,kNN5,6,0,1,0,0,5
274,phq,RF,6,0,1,0,0,5
275,phq,XG,6,0,0,1,0,5
276,phq,NB,7,0,0,1,0,5
277,phq,LR1,7,0,0,1,0,5
278,phq,SVC1,7,0,0,1,0,5
279,phq,kNN5,7,0,1,0,0,5
280,phq,RF,7,0,1,0,0,5
281,phq,XG,7,0,1,0,0,5
282,phq,NB,8,0,0,1,0,5
283,phq,LR1,8,0,0,1,0,5
284,phq,SVC1,8,0,0,1,0,5
285,phq,kNN5,8,0,1,0,0,5
286,phq,RF,8,0,1,0,0,5
287,phq,XG,8,0,1,0,0,5
288,phq,NB,1,0,0,1,0,6
289,phq,LR1,1,0,0,1,0,6
290,phq,SVC1,1,0,0,1,0,6
291,phq,kNN5,1,0,0,1,0,6
292,phq,RF,1,0,0,1,0,6
293,phq,XG,1,0,0,1,0,6
294,phq,NB,2,0,1,0,0,6
295,phq,LR1,2,0,1,0,0,6
296,phq,SVC1,2,0,0,1,0,6
297,phq,kNN5,2,0,0,1,0,6
298,phq,RF,2,0,0,1,0,6
299,phq,XG,2,0,0,1,0,6
300,phq,NB,3,0,1,0,0,6
301,phq,LR1,3,0,1,0,0,6
302,phq,SVC1,3,0,0,1,0,6
303,phq,kNN5,3,0,0,1,0,6
304,phq,RF,3,0,0,1,0,6
305,phq,XG,3,0,0,1,0,6
306,phq,NB,4,0,1,0,0,6
307,phq,LR1,4,0,0,1,0,6
308,phq,SVC1,4,0,0,1,0,6
309,phq,kNN5,4,0,0,1,0,6
310,phq,RF,4,0,0,1,0,6
311,phq,XG,4,0,0,1,0,6
312,phq,NB,5,0,1,0,0,6
313,phq,LR1,5,0,0,1,0,6
314,phq,SVC1,5,0,0,1,0,6
315,phq,kNN5,5,0,0,1,0,6
316,phq,RF,5,0,0,1,0,6
317,phq,XG,5,0,0,1,0,6
318,phq,NB,6,0,1,0,0,6
319,phq,LR1,6,0,0,1,0,6
320,phq,SVC1,6,0,0,1,0,6
321,phq,kNN5,6,0,0,1,0,6
322,phq,RF,6,0,0,1,0,6
323,phq,XG,6,0,0,1,0,6
324,phq,NB,7,0,1,0,0,6
325,phq,LR1,7,0,0,1,0,6
326,phq,SVC1,7,0,0,1,0,6
327,phq,kNN5,7,0,0,1,0,6
328,phq,RF,7,0,0,1,0,6
329,phq,XG,7,0,1,0,0,6
330,phq,NB,8,0,1,0,0,6
331,phq,LR1,8,0,0,1,0,6
332,phq,SVC1,8,0,0,1,0,6
333,phq,kNN5,8,0,0,1,0,6
334,phq,RF,8,0,0,1,0,6
335,phq,XG,8,0,1,0,0,6
336,phq,NB,1,0,0,1,0,7
337,phq,LR1,1,0,0,1,0,7
338,phq,SVC1,1,0,1,0,0,7
339,phq,kNN5,1,0,1,0,0,7
340,phq,RF,1,0,0,1,0,7
341,phq,XG,1,0,1,0,0,7
342,phq,NB,2,0,0,1,0,7
343,phq,LR1,2,0,0,1,0,7
344,phq,SVC1,2,0,1,0,0,7
345,phq,kNN5,2,0,1,0,0,7
346,phq,RF,2,0,1,0,0,7
347,phq,XG,2,0,1,0,0,7
348,phq,NB,3,0,1,0,0,7
349,phq,LR1,3,0,0,1,0,7
350,phq,SVC1,3,0,1,0,0,7
351,phq,kNN5,3,0,1,0,0,7
352,phq,RF,3,0,1,0,0,7
353,phq,XG,3,0,1,0,0,7
354,phq,NB,4,0,1,0,0,7
355,phq,LR1,4,0,1,0,0,7
356,phq,SVC1,4,0,1,0,0,7
357,phq,kNN5,4,0,0,1,0,7
358,phq,RF,4,0,1,0,0,7
359,phq,XG,4,0,1,0,0,7
360,phq,NB,5,0,1,0,0,7
361,phq,LR1,5,0,1,0,0,7
362,phq,SVC1,5,0,1,0,0,7
363,phq,kNN5,5,0,1,0,0,7
364,phq,RF,5,0,0,1,0,7
365,phq,XG,5,0,0,1,0,7
366,phq,NB,6,0,1,0,0,7
367,phq,LR1,6,0,1,0,0,7
368,phq,SVC1,6,0,1,0,0,7
369,phq,kNN5,6,0,1,0,0,7
370,phq,RF,6,0,0,1,0,7
371,phq,XG,6,0,0,1,0,7
372,phq,NB,7,0,1,0,0,7
373,phq,LR1,7,0,1,0,0,7
374,phq,SVC1,7,0,1,0,0,7
375,phq,kNN5,7,0,1,0,0,7
376,phq,RF,7,0,0,1,0,7
377,phq,XG,7,0,0,1,0,7
378,phq,NB,8,0,1,0,0,7
379,phq,LR1,8,0,1,0,0,7
380,phq,SVC1,8,0,1,0,0,7
381,phq,kNN5,8,0,0,1,0,7
382,phq,RF,8,0,0,1,0,7
383,phq,XG,8,0,0,1,0,7
384,phq,NB,1,1,0,0,0,8
385,phq,LR1,1,0,0,0,1,8
386,phq,SVC1,1,1,0,0,0,8
387,phq,kNN5,1,1,0,0,0,8
388,phq,RF,1,0,0,0,1,8
389,phq,XG,1,0,0,0,1,8
390,phq,NB,2,1,0,0,0,8
391,phq,LR1,2,1,0,0,0,8
392,phq,SVC1,2,1,0,0,0,8
393,phq,kNN5,2,1,0,0,0,8
394,phq,RF,2,1,0,0,0,8
395,phq,XG,2,1,0,0,0,8
396,phq,NB,3,1,0,0,0,8
397,phq,LR1,3,1,0,0,0,8
398,phq,SVC1,3,1,0,0,0,8
399,phq,kNN5,3,1,0,0,0,8
400,phq,RF,3,1,0,0,0,8
401,phq,XG,3,1,0,0,0,8
402,phq,NB,4,1,0,0,0,8
403,phq,LR1,4,1,0,0,0,8
404,phq,SVC1,4,1,0,0,0,8
405,phq,kNN5,4,1,0,0,0,8
406,phq,RF,4,1,0,0,0,8
407,phq,XG,4,1,0,0,0,8
408,phq,NB,5,1,0,0,0,8
409,phq,LR1,5,1,0,0,0,8
410,phq,SVC1,5,1,0,0,0,8
411,phq,kNN5,5,1,0,0,0,8
412,phq,RF,5,1,0,0,0,8
413,phq,XG,5,1,0,0,0,8
414,phq,NB,6,1,0,0,0,8
415,phq,LR1,6,1,0,0,0,8
416,phq,SVC1,6,1,0,0,0,8
417,phq,kNN5,6,1,0,0,0,8
418,phq,RF,6,1,0,0,0,8
419,phq,XG,6,1,0,0,0,8
420,phq,NB,7,1,0,0,0,8
421,phq,LR1,7,1,0,0,0,8
422,phq,SVC1,7,1,0,0,0,8
423,phq,kNN5,7,1,0,0,0,8
424,phq,RF,7,1,0,0,0,8
425,phq,XG,7,1,0,0,0,8
426,phq,NB,8,1,0,0,0,8
427,phq,LR1,8,1,0,0,0,8
428,phq,SVC1,8,1,0,0,0,8
429,phq,kNN5,8,1,0,0,0,8
430,phq,RF,8,1,0,0,0,8
431,phq,XG,8,1,0,0,0,8
432,phq,NB,1,0,0,1,0,9
433,phq,LR1,1,0,0,1,0,9
434,phq,SVC1,1,0,0,1,0,9
435,phq,kNN5,1,0,0,1,0,9
436,phq,RF,1,0,0,1,0,9
437,phq,XG,1,0,1,0,0,9
438,phq,NB,2,0,1,0,0,9
439,phq,LR1,2,0,1,0,0,9
440,phq,SVC1,2,0,1,0,0,9
441,phq,kNN5,2,0,0,1,0,9
442,phq,RF,2,0,0,1,0,9
443,phq,XG,2,0,1,0,0,9
444,phq,NB,3,0,0,1,0,9
445,phq,LR1,3,0,1,0,0,9
446,phq,SVC1,3,0,1,0,0,9
447,phq,kNN5,3,0,0,1,0,9
448,phq,RF,3,0,0,1,0,9
449,phq,XG,3,0,0,1,0,9
450,phq,NB,4,0,0,1,0,9
451,phq,LR1,4,0,1,0,0,9
452,phq,SVC1,4,0,1,0,0,9
453,phq,kNN5,4,0,0,1,0,9
454,phq,RF,4,0,0,1,0,9
455,phq,XG,4,0,0,1,0,9
456,phq,NB,5,0,0,1,0,9
457,phq,LR1,5,0,1,0,0,9
458,phq,SVC1,5,0,1,0,0,9
459,phq,kNN5,5,0,0,1,0,9
460,phq,RF,5,0,0,1,0,9
461,phq,XG,5,0,0,1,0,9
462,phq,NB,6,0,1,0,0,9
463,phq,LR1,6,0,0,1,0,9
464,phq,SVC1,6,0,1,0,0,9
465,phq,kNN5,6,0,0,1,0,9
466,phq,RF,6,0,0,1,0,9
467,phq,XG,6,0,0,1,0,9
468,phq,NB,7,0,1,0,0,9
469,phq,LR1,7,0,0,1,0,9
470,phq,SVC1,7,0,1,0,0,9
471,phq,kNN5,7,0,0,1,0,9
472,phq,RF,7,0,0,1,0,9
473,phq,XG,7,0,0,1,0,9
474,phq,NB,8,0,0,1,0,9
475,phq,LR1,8,0,0,1,0,9
476,phq,SVC1,8,0,1,0,0,9
477,phq,kNN5,8,0,0,1,0,9
478,phq,RF,8,0,0,1,0,9
479,phq,XG,8,0,0,1,0,9
480,phq,NB,1,0,0,1,0,10
481,phq,LR1,1,0,0,1,0,10
482,phq,SVC1,1,0,1,0,0,10
483,phq,kNN5,1,0,0,1,0,10
484,phq,RF,1,0,0,1,0,10
485,phq,XG,1,0,0,1,0,10
486,phq,NB,2,0,0,1,0,10
487,phq,LR1,2,0,1,0,0,10
488,phq,SVC1,2,0,1,0,0,10
489,phq,kNN5,2,0,1,0,0,10
490,phq,RF,2,0,0,1,0,10
491,phq,XG,2,0,0,1,0,10
492,phq,NB,3,0,0,1,0,10
493,phq,LR1,3,0,1,0,0,10
494,phq,SVC1,3,0,0,1,0,10
495,phq,kNN5,3,0,0,1,0,10
496,phq,RF,3,0,0,1,0,10
497,phq,XG,3,0,0,1,0,10
498,phq,NB,4,0,0,1,0,10
499,phq,LR1,4,0,1,0,0,10
500,phq,SVC1,4,0,0,1,0,10
501,phq,kNN5,4,0,0,1,0,10
502,phq,RF,4,0,0,1,0,10
503,phq,XG,4,0,0,1,0,10
504,phq,NB,5,0,0,1,0,10
505,phq,LR1,5,0,1,0,0,10
506,phq,SVC1,5,0,0,1,0,10
507,phq,kNN5,5,0,0,1,0,10
508,phq,RF,5,0,0,1,0,10
509,phq,XG,5,0,0,1,0,10
510,phq,NB,6,0,1,0,0,10
511,phq,LR1,6,0,1,0,0,10
512,phq,SVC1,6,0,0,1,0,10
513,phq,kNN5,6,0,0,1,0,10
514,phq,RF,6,0,0,1,0,10
515,phq,XG,6,0,0,1,0,10
516,phq,NB,7,0,1,0,0,10
517,phq,LR1,7,0,1,0,0,10
518,phq,SVC1,7,0,0,1,0,10
519,phq,kNN5,7,0,0,1,0,10
520,phq,RF,7,0,1,0,0,10
521,phq,XG,7,0,1,0,0,10
522,phq,NB,8,0,1,0,0,10
523,phq,LR1,8,0,1,0,0,10
524,phq,SVC1,8,0,0,1,0,10
525,phq,kNN5,8,0,0,1,0,10
526,phq,RF,8,0,1,0,0,10
527,phq,XG,8,0,1,0,0,10
528,phq,NB,1,1,0,0,0,11
529,phq,LR1,1,1,0,0,0,11
530,phq,SVC1,1,1,0,0,0,11
531,phq,kNN5,1,1,0,0,0,11
532,phq,RF,1,1,0,0,0,11
533,phq,XG,1,1,0,0,0,11
534,phq,NB,2,1,0,0,0,11
535,phq,LR1,2,1,0,0,0,11
536,phq,SVC1,2,1,0,0,0,11
537,phq,kNN5,2,1,0,0,0,11
538,phq,RF,2,1,0,0,0,11
539,phq,XG,2,1,0,0,0,11
540,phq,NB,3,1,0,0,0,11
541,phq,LR1,3,1,0,0,0,11
542,phq,SVC1,3,1,0,0,0,11
543,phq,kNN5,3,1,0,0,0,11
544,phq,RF,3,1,0,0,0,11
545,phq,XG,3,1,0,0,0,11
546,phq,NB,4,1,0,0,0,11
547,phq,LR1,4,1,0,0,0,11
548,phq,SVC1,4,1,0,0,0,11
549,phq,kNN5,4,1,0,0,0,11
550,phq,RF,4,1,0,0,0,11
551,phq,XG,4,1,0,0,0,11
552,phq,NB,5,1,0,0,0,11
553,phq,LR1,5,1,0,0,0,11
554,phq,SVC1,5,1,0,0,0,11
555,phq,kNN5,5,1,0,0,0,11
556,phq,RF,5,1,0,0,0,11
557,phq,XG,5,1,0,0,0,11
558,phq,NB,6,1,0,0,0,11
559,phq,LR1,6,1,0,0,0,11
560,phq,SVC1,6,1,0,0,0,11
561,phq,kNN5,6,1,0,0,0,11
562,phq,RF,6,1,0,0,0,11
563,phq,XG,6,1,0,0,0,11
564,phq,NB,7,1,0,0,0,11
565,phq,LR1,7,1,0,0,0,11
566,phq,SVC1,7,1,0,0,0,11
567,phq,kNN5,7,1,0,0,0,11
568,phq,RF,7,1,0,0,0,11
569,phq,XG,7,1,0,0,0,11
570,phq,NB,8,1,0,0,0,11
571,phq,LR1,8,1,0,0,0,11
572,phq,SVC1,8,1,0,0,0,11
573,phq,kNN5,8,1,0,0,0,11
574,phq,RF,8,1,0,0,0,11
575,phq,XG,8,1,0,0,0,11
576,phq,NB,1,0,0,0,1,12
577,phq,LR1,1,0,0,0,1,12
578,phq,SVC1,1,1,0,0,0,12
579,phq,kNN5,1,1,0,0,0,12
580,phq,RF,1,1,0,0,0,12
581,phq,XG,1,1,0,0,0,12
582,phq,NB,2,1,0,0,0,12
583,phq,LR1,2,1,0,0,0,12
584,phq,SVC1,2,1,0,0,0,12
585,phq,kNN5,2,1,0,0,0,12
586,phq,RF,2,1,0,0,0,12
587,phq,XG,2,1,0,0,0,12
588,phq,NB,3,1,0,0,0,12
589,phq,LR1,3,1,0,0,0,12
590,phq,SVC1,3,1,0,0,0,12
591,phq,kNN5,3,1,0,0,0,12
592,phq,RF,3,1,0,0,0,12
593,phq,XG,3,1,0,0,0,12
594,phq,NB,4,0,0,0,1,12
595,phq,LR1,4,1,0,0,0,12
596,phq,SVC1,4,1,0,0,0,12
597,phq,kNN5,4,1,0,0,0,12
598,phq,RF,4,0,0,0,1,12
599,phq,XG,4,0,0,0,1,12
600,phq,NB,5,1,0,0,0,12
601,phq,LR1,5,1,0,0,0,12
602,phq,SVC1,5,1,0,0,0,12
603,phq,kNN5,5,1,0,0,0,12
604,phq,RF,5,1,0,0,0,12
605,phq,XG,5,0,0,0,1,12
606,phq,NB,6,1,0,0,0,12
607,phq,LR1,6,1,0,0,0,12
608,phq,SVC1,6,1,0,0,0,12
609,phq,kNN5,6,1,0,0,0,12
610,phq,RF,6,0,0,0,1,12
611,phq,XG,6,0,0,0,1,12
612,phq,NB,7,1,0,0,0,12
613,phq,LR1,7,1,0,0,0,12
614,phq,SVC1,7,1,0,0,0,12
615,phq,kNN5,7,1,0,0,0,12
616,phq,RF,7,0,0,0,1,12
617,phq,XG,7,0,0,0,1,12
618,phq,NB,8,0,0,0,1,12
619,phq,LR1,8,1,0,0,0,12
620,phq,SVC1,8,1,0,0,0,12
621,phq,kNN5,8,1,0,0,0,12
622,phq,RF,8,1,0,0,0,12
623,phq,XG,8,0,0,0,1,12
624,phq,NB,1,1,0,0,0,13
625,phq,LR1,1,1,0,0,0,13
626,phq,SVC1,1,0,0,0,1,13
627,phq,kNN5,1,0,0,0,1,13
628,phq,RF,1,0,0,0,1,13
629,phq,XG,1,0,0,0,1,13
630,phq,NB,2,1,0,0,0,13
631,phq,LR1,2,1,0,0,0,13
632,phq,SVC1,2,0,0,0,1,13
633,phq,kNN5,2,1,0,0,0,13
634,phq,RF,2,0,0,0,1,13
635,phq,XG,2,0,0,0,1,13
636,phq,NB,3,1,0,0,0,13
637,phq,LR1,3,1,0,0,0,13
638,phq,SVC1,3,0,0,0,1,13
639,phq,kNN5,3,1,0,0,0,13
640,phq,RF,3,0,0,0,1,13
641,phq,XG,3,1,0,0,0,13
642,phq,NB,4,1,0,0,0,13
643,phq,LR1,4,1,0,0,0,13
644,phq,SVC1,4,0,0,0,1,13
645,phq,kNN5,4,1,0,0,0,13
646,phq,RF,4,0,0,0,1,13
647,phq,XG,4,1,0,0,0,13
648,phq,NB,5,0,0,0,1,13
649,phq,LR1,5,0,0,0,1,13
650,phq,SVC1,5,0,0,0,1,13
651,phq,kNN5,5,1,0,0,0,13
652,phq,RF,5,0,0,0,1,13
653,phq,XG,5,1,0,0,0,13
654,phq,NB,6,0,0,0,1,13
655,phq,LR1,6,0,0,0,1,13
656,phq,SVC1,6,0,0,0,1,13
657,phq,kNN5,6,1,0,0,0,13
658,phq,RF,6,0,0,0,1,13
659,phq,XG,6,1,0,0,0,13
660,phq,NB,7,0,0,0,1,13
661,phq,LR1,7,0,0,0,1,13
662,phq,SVC1,7,0,0,0,1,13
663,phq,kNN5,7,1,0,0,0,13
664,phq,RF,7,0,0,0,1,13
665,phq,XG,7,1,0,0,0,13
666,phq,NB,8,1,0,0,0,13
667,phq,LR1,8,0,0,0,1,13
668,phq,SVC1,8,0,0,0,1,13
669,phq,kNN5,8,1,0,0,0,13
670,phq,RF,8,1,0,0,0,13
671,phq,XG,8,1,0,0,0,13
672,phq,NB,1,0,0,0,1,14
673,phq,LR1,1,0,0,0,1,14
674,phq,SVC1,1,0,0,0,1,14
675,phq,kNN5,1,0,0,0,1,14
676,phq,RF,1,1,0,0,0,14
677,phq,XG,1,0,0,0,1,14
678,phq,NB,2,0,0,0,1,14
679,phq,LR1,2,0,0,0,1,14
680,phq,SVC1,2,0,0,0,1,14
681,phq,kNN5,2,0,0,0,1,14
682,phq,RF,2,0,0,0,1,14
683,phq,XG,2,0,0,0,1,14
684,phq,NB,3,0,0,0,1,14
685,phq,LR1,3,0,0,0,1,14
686,phq,SVC1,3,0,0,0,1,14
687,phq,kNN5,3,0,0,0,1,14
688,phq,RF,3,0,0,0,1,14
689,phq,XG,3,0,0,0,1,14
690,phq,NB,4,0,0,0,1,14
691,phq,LR1,4,0,0,0,1,14
692,phq,SVC1,4,0,0,0,1,14
693,phq,kNN5,4,0,0,0,1,14
694,phq,RF,4,0,0,0,1,14
695,phq,XG,4,1,0,0,0,14
696,phq,NB,5,0,0,0,1,14
697,phq,LR1,5,0,0,0,1,14
698,phq,SVC1,5,0,0,0,1,14
699,phq,kNN5,5,0,0,0,1,14
700,phq,RF,5,1,0,0,0,14
701,phq,XG,5,1,0,0,0,14
702,phq,NB,6,0,0,0,1,14
703,phq,LR1,6,0,0,0,1,14
704,phq,SVC1,6,0,0,0,1,14
705,phq,kNN5,6,0,0,0,1,14
706,phq,RF,6,0,0,0,1,14
707,phq,XG,6,1,0,0,0,14
708,phq,NB,7,0,0,0,1,14
709,phq,LR1,7,0,0,0,1,14
710,phq,SVC1,7,0,0,0,1,14
711,phq,kNN5,7,0,0,0,1,14
712,phq,RF,7,0,0,0,1,14
713,phq,XG,7,1,0,0,0,14
714,phq,NB,8,0,0,0,1,14
715,phq,LR1,8,0,0,0,1,14
716,phq,SVC1,8,0,0,0,1,14
717,phq,kNN5,8,0,0,0,1,14
718,phq,RF,8,0,0,0,1,14
719,phq,XG,8,1,0,0,0,14
720,phq,NB,1,1,0,0,0,15
721,phq,LR1,1,1,0,0,0,15
722,phq,SVC1,1,1,0,0,0,15
723,phq,kNN5,1,1,0,0,0,15
724,phq,RF,1,1,0,0,0,15
725,phq,XG,1,1,0,0,0,15
726,phq,NB,2,1,0,0,0,15
727,phq,LR1,2,0,0,0,1,15
728,phq,SVC1,2,0,0,0,1,15
729,phq,kNN5,2,1,0,0,0,15
730,phq,RF,2,0,0,0,1,15
731,phq,XG,2,1,0,0,0,15
732,phq,NB,3,1,0,0,0,15
733,phq,LR1,3,0,0,0,1,15
734,phq,SVC1,3,1,0,0,0,15
735,phq,kNN5,3,1,0,0,0,15
736,phq,RF,3,1,0,0,0,15
737,phq,XG,3,1,0,0,0,15
738,phq,NB,4,1,0,0,0,15
739,phq,LR1,4,0,0,0,1,15
740,phq,SVC1,4,0,0,0,1,15
741,phq,kNN5,4,1,0,0,0,15
742,phq,RF,4,1,0,0,0,15
743,phq,XG,4,1,0,0,0,15
744,phq,NB,5,1,0,0,0,15
745,phq,LR1,5,0,0,0,1,15
746,phq,SVC1,5,0,0,0,1,15
747,phq,kNN5,5,1,0,0,0,15
748,phq,RF,5,1,0,0,0,15
749,phq,XG,5,0,0,0,1,15
750,phq,NB,6,1,0,0,0,15
751,phq,LR1,6,0,0,0,1,15
752,phq,SVC1,6,1,0,0,0,15
753,phq,kNN5,6,1,0,0,0,15
754,phq,RF,6,1,0,0,0,15
755,phq,XG,6,1,0,0,0,15
756,phq,NB,7,1,0,0,0,15
757,phq,LR1,7,0,0,0,1,15
758,phq,SVC1,7,0,0,0,1,15
759,phq,kNN5,7,1,0,0,0,15
760,phq,RF,7,0,0,0,1,15
761,phq,XG,7,0,0,0,1,15
762,phq,NB,8,1,0,0,0,15
763,phq,LR1,8,0,0,0,1,15
764,phq,SVC1,8,0,0,0,1,15
765,phq,kNN5,8,1,0,0,0,15
766,phq,RF,8,0,0,0,1,15
767,phq,XG,8,0,0,0,1,15
768,phq,NB,1,0,0,1,0,16
769,phq,LR1,1,0,0,1,0,16
770,phq,SVC1,1,0,0,1,0,16
771,phq,kNN5,1,0,1,0,0,16
772,phq,RF,1,0,0,1,0,16
773,phq,XG,1,0,0,1,0,16
774,phq,NB,2,0,0,1,0,16
775,phq,LR1,2,0,0,1,0,16
776,phq,SVC1,2,0,0,1,0,16
777,phq,kNN5,2,0,0,1,0,16
778,phq,RF,2,0,0,1,0,16
779,phq,XG,2,0,0,1,0,16
780,phq,NB,3,0,0,1,0,16
781,phq,LR1,3,0,0,1,0,16
782,phq,SVC1,3,0,0,1,0,16
783,phq,kNN5,3,0,0,1,0,16
784,phq,RF,3,0,0,1,0,16
785,phq,XG,3,0,0,1,0,16
786,phq,NB,4,0,0,1,0,16
787,phq,LR1,4,0,0,1,0,16
788,phq,SVC1,4,0,0,1,0,16
789,phq,kNN5,4,0,0,1,0,16
790,phq,RF,4,0,0,1,0,16
791,phq,XG,4,0,0,1,0,16
792,phq,NB,5,0,0,1,0,16
793,phq,LR1,5,0,0,1,0,16
794,phq,SVC1,5,0,0,1,0,16
795,phq,kNN5,5,0,0,1,0,16
796,phq,RF,5,0,0,1,0,16
797,phq,XG,5,0,0,1,0,16
798,phq,NB,6,0,0,1,0,16
799,phq,LR1,6,0,0,1,0,16
800,phq,SVC1,6,0,0,1,0,16
801,phq,kNN5,6,0,0,1,0,16
802,phq,RF,6,0,0,1,0,16
803,phq,XG,6,0,1,0,0,16
804,phq,NB,7,0,0,1,0,16
805,phq,LR1,7,0,0,1,0,16
806,phq,SVC1,7,0,0,1,0,16
807,phq,kNN5,7,0,0,1,0,16
808,phq,RF,7,0,0,1,0,16
809,phq,XG,7,0,1,0,0,16
810,phq,NB,8,0,0,1,0,16
811,phq,LR1,8,0,0,1,0,16
812,phq,SVC1,8,0,0,1,0,16
813,phq,kNN5,8,0,0,1,0,16
814,phq,RF,8,0,0,1,0,16
815,phq,XG,8,0,1,0,0,16
816,phq,NB,1,1,0,0,0,17
817,phq,LR1,1,0,0,0,1,17
818,phq,SVC1,1,0,0,0,1,17
819,phq,kNN5,1,0,0,0,1,17
820,phq,RF,1,0,0,0,1,17
821,phq,XG,1,0,0,0,1,17
822,phq,NB,2,0,0,0,1,17
823,phq,LR1,2,0,0,0,1,17
824,phq,SVC1,2,0,0,0,1,17
825,phq,kNN5,2,0,0,0,1,17
826,phq,RF,2,0,0,0,1,17
827,phq,XG,2,0,0,0,1,17
828,phq,NB,3,1,0,0,0,17
829,phq,LR1,3,0,0,0,1,17
830,phq,SVC1,3,0,0,0,1,17
831,phq,kNN5,3,0,0,0,1,17
832,phq,RF,3,0,0,0,1,17
833,phq,XG,3,0,0,0,1,17
834,phq,NB,4,0,0,0,1,17
835,phq,LR1,4,0,0,0,1,17
836,phq,SVC1,4,0,0,0,1,17
837,phq,kNN5,4,0,0,0,1,17
838,phq,RF,4,0,0,0,1,17
839,phq,XG,4,0,0,0,1,17
840,phq,NB,5,0,0,0,1,17
841,phq,LR1,5,0,0,0,1,17
842,phq,SVC1,5,0,0,0,1,17
843,phq,kNN5,5,1,0,0,0,17
844,phq,RF,5,0,0,0,1,17
845,phq,XG,5,0,0,0,1,17
846,phq,NB,6,0,0,0,1,17
847,phq,LR1,6,0,0,0,1,17
848,phq,SVC1,6,0,0,0,1,17
849,phq,kNN5,6,1,0,0,0,17
850,phq,RF,6,0,0,0,1,17
851,phq,XG,6,0,0,0,1,17
852,phq,NB,7,0,0,0,1,17
853,phq,LR1,7,0,0,0,1,17
854,phq,SVC1,7,0,0,0,1,17
855,phq,kNN5,7,1,0,0,0,17
856,phq,RF,7,1,0,0,0,17
857,phq,XG,7,0,0,0,1,17
858,phq,NB,8,0,0,0,1,17
859,phq,LR1,8,0,0,0,1,17
860,phq,SVC1,8,0,0,0,1,17
861,phq,kNN5,8,1,0,0,0,17
862,phq,RF,8,0,0,0,1,17
863,phq,XG,8,0,0,0,1,17
864,phq,NB,1,0,1,0,0,18
865,phq,LR1,1,0,0,1,0,18
866,phq,SVC1,1,0,1,0,0,18
867,phq,kNN5,1,0,1,0,0,18
868,phq,RF,1,0,0,1,0,18
869,phq,XG,1,0,1,0,0,18
870,phq,NB,2,0,1,0,0,18
871,phq,LR1,2,0,1,0,0,18
872,phq,SVC1,2,0,0,1,0,18
873,phq,kNN5,2,0,1,0,0,18
874,phq,RF,2,0,1,0,0,18
875,phq,XG,2,0,1,0,0,18
876,phq,NB,3,0,1,0,0,18
877,phq,LR1,3,0,1,0,0,18
878,phq,SVC1,3,0,1,0,0,18
879,phq,kNN5,3,0,1,0,0,18
880,phq,RF,3,0,1,0,0,18
881,phq,XG,3,0,1,0,0,18
882,phq,NB,4,0,1,0,0,18
883,phq,LR1,4,0,1,0,0,18
884,phq,SVC1,4,0,1,0,0,18
885,phq,kNN5,4,0,1,0,0,18
886,phq,RF,4,0,1,0,0,18
887,phq,XG,4,0,1,0,0,18
888,phq,NB,5,0,1,0,0,18
889,phq,LR1,5,0,1,0,0,18
890,phq,SVC1,5,0,1,0,0,18
891,phq,kNN5,5,0,1,0,0,18
892,phq,RF,5,0,1,0,0,18
893,phq,XG,5,0,1,0,0,18
894,phq,NB,6,0,1,0,0,18
895,phq,LR1,6,0,1,0,0,18
896,phq,SVC1,6,0,1,0,0,18
897,phq,kNN5,6,0,1,0,0,18
898,phq,RF,6,0,1,0,0,18
899,phq,XG,6,0,1,0,0,18
900,phq,NB,7,0,1,0,0,18
901,phq,LR1,7,0,1,0,0,18
902,phq,SVC1,7,0,1,0,0,18
903,phq,kNN5,7,0,1,0,0,18
904,phq,RF,7,0,1,0,0,18
905,phq,XG,7,0,0,1,0,18
906,phq,NB,8,0,1,0,0,18
907,phq,LR1,8,0,1,0,0,18
908,phq,SVC1,8,0,1,0,0,18
909,phq,kNN5,8,0,1,0,0,18
910,phq,RF,8,0,1,0,0,18
911,phq,XG,8,0,1,0,0,18
912,phq,NB,1,1,0,0,0,19
913,phq,LR1,1,1,0,0,0,19
914,phq,SVC1,1,1,0,0,0,19
915,phq,kNN5,1,0,0,0,1,19
916,phq,RF,1,0,0,0,1,19
917,phq,XG,1,0,0,0,1,19
918,phq,NB,2,1,0,0,0,19
919,phq,LR1,2,1,0,0,0,19
920,phq,SVC1,2,0,0,0,1,19
921,phq,kNN5,2,0,0,0,1,19
922,phq,RF,2,0,0,0,1,19
923,phq,XG,2,0,0,0,1,19
924,phq,NB,3,1,0,0,0,19
925,phq,LR1,3,1,0,0,0,19
926,phq,SVC1,3,0,0,0,1,19
927,phq,kNN5,3,0,0,0,1,19
928,phq,RF,3,0,0,0,1,19
929,phq,XG,3,0,0,0,1,19
930,phq,NB,4,1,0,0,0,19
931,phq,LR1,4,1,0,0,0,19
932,phq,SVC1,4,0,0,0,1,19
933,phq,kNN5,4,0,0,0,1,19
934,phq,RF,4,0,0,0,1,19
935,phq,XG,4,0,0,0,1,19
936,phq,NB,5,1,0,0,0,19
937,phq,LR1,5,1,0,0,0,19
938,phq,SVC1,5,0,0,0,1,19
939,phq,kNN5,5,0,0,0,1,19
940,phq,RF,5,0,0,0,1,19
941,phq,XG,5,0,0,0,1,19
942,phq,NB,6,1,0,0,0,19
943,phq,LR1,6,1,0,0,0,19
944,phq,SVC1,6,0,0,0,1,19
945,phq,kNN5,6,0,0,0,1,19
946,phq,RF,6,0,0,0,1,19
947,phq,XG,6,0,0,0,1,19
948,phq,NB,7,1,0,0,0,19
949,phq,LR1,7,1,0,0,0,19
950,phq,SVC1,7,0,0,0,1,19
951,phq,kNN5,7,0,0,0,1,19
952,phq,RF,7,0,0,0,1,19
953,phq,XG,7,0,0,0,1,19
954,phq,NB,8,1,0,0,0,19
955,phq,LR1,8,1,0,0,0,19
956,phq,SVC1,8,0,0,0,1,19
957,phq,kNN5,8,0,0,0,1,19
958,phq,RF,8,0,0,0,1,19
959,phq,XG,8,0,0,0,1,19
960,phq,NB,1,0,1,0,0,20
961,phq,LR1,1,0,1,0,0,20
962,phq,SVC1,1,0,1,0,0,20
963,phq,kNN5,1,0,1,0,0,20
964,phq,RF,1,0,1,0,0,20
965,phq,XG,1,0,1,0,0,20
966,phq,NB,2,0,0,1,0,20
967,phq,LR1,2,0,1,0,0,20
968,phq,SVC1,2,0,0,1,0,20
969,phq,kNN5,2,0,1,0,0,20
970,phq,RF,2,0,1,0,0,20
971,phq,XG,2,0,0,1,0,20
972,phq,NB,3,0,0,1,0,20
973,phq,LR1,3,0,1,0,0,20
974,phq,SVC1,3,0,0,1,0,20
975,phq,kNN5,3,0,1,0,0,20
976,phq,RF,3,0,1,0,0,20
977,phq,XG,3,0,1,0,0,20
978,phq,NB,4,0,0,1,0,20
979,phq,LR1,4,0,1,0,0,20
980,phq,SVC1,4,0,0,1,0,20
981,phq,kNN5,4,0,1,0,0,20
982,phq,RF,4,0,1,0,0,20
983,phq,XG,4,0,1,0,0,20
984,phq,NB,5,0,0,1,0,20
985,phq,LR1,5,0,1,0,0,20
986,phq,SVC1,5,0,0,1,0,20
987,phq,kNN5,5,0,1,0,0,20
988,phq,RF,5,0,1,0,0,20
989,phq,XG,5,0,1,0,0,20
990,phq,NB,6,0,0,1,0,20
991,phq,LR1,6,0,1,0,0,20
992,phq,SVC1,6,0,0,1,0,20
993,phq,kNN5,6,0,1,0,0,20
994,phq,RF,6,0,1,0,0,20
995,phq,XG,6,0,1,0,0,20
996,phq,NB,7,0,1,0,0,20
997,phq,LR1,7,0,1,0,0,20
998,phq,SVC1,7,0,0,1,0,20
999,phq,kNN5,7,0,1,0,0,20
1000,phq,RF,7,0,1,0,0,20
1001,phq,XG,7,0,1,0,0,20
1002,phq,NB,8,0,1,0,0,20
1003,phq,LR1,8,0,1,0,0,20
1004,phq,SVC1,8,0,0,1,0,20
1005,phq,kNN5,8,0,1,0,0,20
1006,phq,RF,8,0,1,0,0,20
1007,phq,XG,8,0,1,0,0,20
1008,phq,NB,1,0,0,0,1,21
1009,phq,LR1,1,0,0,0,1,21
1010,phq,SVC1,1,0,0,0,1,21
1011,phq,kNN5,1,1,0,0,0,21
1012,phq,RF,1,0,0,0,1,21
1013,phq,XG,1,0,0,0,1,21
1014,phq,NB,2,0,0,0,1,21
1015,phq,LR1,2,0,0,0,1,21
1016,phq,SVC1,2,0,0,0,1,21
1017,phq,kNN5,2,1,0,0,0,21
1018,phq,RF,2,1,0,0,0,21
1019,phq,XG,2,1,0,0,0,21
1020,phq,NB,3,0,0,0,1,21
1021,phq,LR1,3,0,0,0,1,21
1022,phq,SVC1,3,0,0,0,1,21
1023,phq,kNN5,3,1,0,0,0,21
1024,phq,RF,3,0,0,0,1,21
1025,phq,XG,3,0,0,0,1,21
1026,phq,NB,4,1,0,0,0,21
1027,phq,LR1,4,0,0,0,1,21
1028,phq,SVC1,4,0,0,0,1,21
1029,phq,kNN5,4,1,0,0,0,21
1030,phq,RF,4,0,0,0,1,21
1031,phq,XG,4,0,0,0,1,21
1032,phq,NB,5,0,0,0,1,21
1033,phq,LR1,5,0,0,0,1,21
1034,phq,SVC1,5,0,0,0,1,21
1035,phq,kNN5,5,1,0,0,0,21
1036,phq,RF,5,0,0,0,1,21
1037,phq,XG,5,0,0,0,1,21
1038,phq,NB,6,0,0,0,1,21
1039,phq,LR1,6,0,0,0,1,21
1040,phq,SVC1,6,0,0,0,1,21
1041,phq,kNN5,6,1,0,0,0,21
1042,phq,RF,6,0,0,0,1,21
1043,phq,XG,6,0,0,0,1,21
1044,phq,NB,7,0,0,0,1,21
1045,phq,LR1,7,0,0,0,1,21
1046,phq,SVC1,7,0,0,0,1,21
1047,phq,kNN5,7,1,0,0,0,21
1048,phq,RF,7,0,0,0,1,21
1049,phq,XG,7,1,0,0,0,21
1050,phq,NB,8,1,0,0,0,21
1051,phq,LR1,8,0,0,0,1,21
1052,phq,SVC1,8,0,0,0,1,21
1053,phq,kNN5,8,1,0,0,0,21
1054,phq,RF,8,0,0,0,1,21
1055,phq,XG,8,0,0,0,1,21
1056,phq,NB,1,1,0,0,0,22
1057,phq,LR1,1,1,0,0,0,22
1058,phq,SVC1,1,0,0,0,1,22
1059,phq,kNN5,1,1,0,0,0,22
1060,phq,RF,1,1,0,0,0,22
1061,phq,XG,1,1,0,0,0,22
1062,phq,NB,2,1,0,0,0,22
1063,phq,LR1,2,1,0,0,0,22
1064,phq,SVC1,2,0,0,0,1,22
1065,phq,kNN5,2,1,0,0,0,22
1066,phq,RF,2,0,0,0,1,22
1067,phq,XG,2,0,0,0,1,22
1068,phq,NB,3,1,0,0,0,22
1069,phq,LR1,3,1,0,0,0,22
1070,phq,SVC1,3,0,0,0,1,22
1071,phq,kNN5,3,0,0,0,1,22
1072,phq,RF,3,0,0,0,1,22
1073,phq,XG,3,1,0,0,0,22
1074,phq,NB,4,1,0,0,0,22
1075,phq,LR1,4,1,0,0,0,22
1076,phq,SVC1,4,0,0,0,1,22
1077,phq,kNN5,4,0,0,0,1,22
1078,phq,RF,4,0,0,0,1,22
1079,phq,XG,4,0,0,0,1,22
1080,phq,NB,5,1,0,0,0,22
1081,phq,LR1,5,0,0,0,1,22
1082,phq,SVC1,5,0,0,0,1,22
1083,phq,kNN5,5,1,0,0,0,22
1084,phq,RF,5,0,0,0,1,22
1085,phq,XG,5,0,0,0,1,22
1086,phq,NB,6,1,0,0,0,22
1087,phq,LR1,6,0,0,0,1,22
1088,phq,SVC1,6,0,0,0,1,22
1089,phq,kNN5,6,1,0,0,0,22
1090,phq,RF,6,0,0,0,1,22
1091,phq,XG,6,0,0,0,1,22
1092,phq,NB,7,0,0,0,1,22
1093,phq,LR1,7,0,0,0,1,22
1094,phq,SVC1,7,0,0,0,1,22
1095,phq,kNN5,7,1,0,0,0,22
1096,phq,RF,7,0,0,0,1,22
1097,phq,XG,7,1,0,0,0,22
1098,phq,NB,8,1,0,0,0,22
1099,phq,LR1,8,0,0,0,1,22
1100,phq,SVC1,8,0,0,0,1,22
1101,phq,kNN5,8,1,0,0,0,22
1102,phq,RF,8,1,0,0,0,22
1103,phq,XG,8,1,0,0,0,22
1104,phq,NB,1,0,0,0,1,23
1105,phq,LR1,1,1,0,0,0,23
1106,phq,SVC1,1,1,0,0,0,23
1107,phq,kNN5,1,1,0,0,0,23
1108,phq,RF,1,0,0,0,1,23
1109,phq,XG,1,0,0,0,1,23
1110,phq,NB,2,0,0,0,1,23
1111,phq,LR1,2,0,0,0,1,23
1112,phq,SVC1,2,0,0,0,1,23
1113,phq,kNN5,2,0,0,0,1,23
1114,phq,RF,2,0,0,0,1,23
1115,phq,XG,2,0,0,0,1,23
1116,phq,NB,3,0,0,0,1,23
1117,phq,LR1,3,0,0,0,1,23
1118,phq,SVC1,3,0,0,0,1,23
1119,phq,kNN5,3,0,0,0,1,23
1120,phq,RF,3,0,0,0,1,23
1121,phq,XG,3,0,0,0,1,23
1122,phq,NB,4,0,0,0,1,23
1123,phq,LR1,4,0,0,0,1,23
1124,phq,SVC1,4,0,0,0,1,23
1125,phq,kNN5,4,0,0,0,1,23
1126,phq,RF,4,0,0,0,1,23
1127,phq,XG,4,0,0,0,1,23
1128,phq,NB,5,1,0,0,0,23
1129,phq,LR1,5,0,0,0,1,23
1130,phq,SVC1,5,0,0,0,1,23
1131,phq,kNN5,5,0,0,0,1,23
1132,phq,RF,5,0,0,0,1,23
1133,phq,XG,5,0,0,0,1,23
1134,phq,NB,6,0,0,0,1,23
1135,phq,LR1,6,0,0,0,1,23
1136,phq,SVC1,6,0,0,0,1,23
1137,phq,kNN5,6,0,0,0,1,23
1138,phq,RF,6,0,0,0,1,23
1139,phq,XG,6,0,0,0,1,23
1140,phq,NB,7,0,0,0,1,23
1141,phq,LR1,7,0,0,0,1,23
1142,phq,SVC1,7,0,0,0,1,23
1143,phq,kNN5,7,0,0,0,1,23
1144,phq,RF,7,0,0,0,1,23
1145,phq,XG,7,0,0,0,1,23
1146,phq,NB,8,0,0,0,1,23
1147,phq,LR1,8,0,0,0,1,23
1148,phq,SVC1,8,0,0,0,1,23
1149,phq,kNN5,8,0,0,0,1,23
1150,phq,RF,8,0,0,0,1,23
1151,phq,XG,8,0,0,0,1,23
1152,phq,NB,1,0,1,0,0,24
1153,phq,LR1,1,0,1,0,0,24
1154,phq,SVC1,1,0,1,0,0,24
1155,phq,kNN5,1,0,0,1,0,24
1156,phq,RF,1,0,0,1,0,24
1157,phq,XG,1,0,0,1,0,24
1158,phq,NB,2,0,1,0,0,24
1159,phq,LR1,2,0,1,0,0,24
1160,phq,SVC1,2,0,1,0,0,24
1161,phq,kNN5,2,0,0,1,0,24
1162,phq,RF,2,0,0,1,0,24
1163,phq,XG,2,0,0,1,0,24
1164,phq,NB,3,0,1,0,0,24
1165,phq,LR1,3,0,1,0,0,24
1166,phq,SVC1,3,0,1,0,0,24
1167,phq,kNN5,3,0,1,0,0,24
1168,phq,RF,3,0,0,1,0,24
1169,phq,XG,3,0,1,0,0,24
1170,phq,NB,4,0,1,0,0,24
1171,phq,LR1,4,0,1,0,0,24
1172,phq,SVC1,4,0,1,0,0,24
1173,phq,kNN5,4,0,1,0,0,24
1174,phq,RF,4,0,0,1,0,24
1175,phq,XG,4,0,0,1,0,24
1176,phq,NB,5,0,1,0,0,24
1177,phq,LR1,5,0,1,0,0,24
1178,phq,SVC1,5,0,1,0,0,24
1179,phq,kNN5,5,0,0,1,0,24
1180,phq,RF,5,0,0,1,0,24
1181,phq,XG,5,0,0,1,0,24
1182,phq,NB,6,0,1,0,0,24
1183,phq,LR1,6,0,1,0,0,24
1184,phq,SVC1,6,0,1,0,0,24
1185,phq,kNN5,6,0,0,1,0,24
1186,phq,RF,6,0,0,1,0,24
1187,phq,XG,6,0,0,1,0,24
1188,phq,NB,7,0,1,0,0,24
1189,phq,LR1,7,0,1,0,0,24
1190,phq,SVC1,7,0,1,0,0,24
1191,phq,kNN5,7,0,0,1,0,24
1192,phq,RF,7,0,1,0,0,24
1193,phq,XG,7,0,1,0,0,24
1194,phq,NB,8,0,1,0,0,24
1195,phq,LR1,8,0,1,0,0,24
1196,phq,SVC1,8,0,1,0,0,24
1197,phq,kNN5,8,0,0,1,0,24
1198,phq,RF,8,0,1,0,0,24
1199,phq,XG,8,0,1,0,0,24
1200,phq,NB,1,1,0,0,0,25
1201,phq,LR1,1,0,0,0,1,25
1202,phq,SVC1,1,1,0,0,0,25
1203,phq,kNN5,1,1,0,0,0,25
1204,phq,RF,1,0,0,0,1,25
1205,phq,XG,1,0,0,0,1,25
1206,phq,NB,2,0,0,0,1,25
1207,phq,LR1,2,0,0,0,1,25
1208,phq,SVC1,2,0,0,0,1,25
1209,phq,kNN5,2,1,0,0,0,25
1210,phq,RF,2,0,0,0,1,25
1211,phq,XG,2,0,0,0,1,25
1212,phq,NB,3,0,0,0,1,25
1213,phq,LR1,3,0,0,0,1,25
1214,phq,SVC1,3,0,0,0,1,25
1215,phq,kNN5,3,1,0,0,0,25
1216,phq,RF,3,0,0,0,1,25
1217,phq,XG,3,0,0,0,1,25
1218,phq,NB,4,0,0,0,1,25
1219,phq,LR1,4,0,0,0,1,25
1220,phq,SVC1,4,0,0,0,1,25
1221,phq,kNN5,4,1,0,0,0,25
1222,phq,RF,4,0,0,0,1,25
1223,phq,XG,4,0,0,0,1,25
1224,phq,NB,5,1,0,0,0,25
1225,phq,LR1,5,0,0,0,1,25
1226,phq,SVC1,5,0,0,0,1,25
1227,phq,kNN5,5,1,0,0,0,25
1228,phq,RF,5,0,0,0,1,25
1229,phq,XG,5,1,0,0,0,25
1230,phq,NB,6,0,0,0,1,25
1231,phq,LR1,6,0,0,0,1,25
1232,phq,SVC1,6,0,0,0,1,25
1233,phq,kNN5,6,1,0,0,0,25
1234,phq,RF,6,0,0,0,1,25
1235,phq,XG,6,0,0,0,1,25
1236,phq,NB,7,0,0,0,1,25
1237,phq,LR1,7,0,0,0,1,25
1238,phq,SVC1,7,0,0,0,1,25
1239,phq,kNN5,7,1,0,0,0,25
1240,phq,RF,7,1,0,0,0,25
1241,phq,XG,7,0,0,0,1,25
1242,phq,NB,8,0,0,0,1,25
1243,phq,LR1,8,0,0,0,1,25
1244,phq,SVC1,8,0,0,0,1,25
1245,phq,kNN5,8,1,0,0,0,25
1246,phq,RF,8,0,0,0,1,25
1247,phq,XG,8,0,0,0,1,25
1248,phq,NB,1,0,0,0,1,26
1249,phq,LR1,1,0,0,0,1,26
1250,phq,SVC1,1,0,0,0,1,26
1251,phq,kNN5,1,0,0,0,1,26
1252,phq,RF,1,0,0,0,1,26
1253,phq,XG,1,0,0,0,1,26
1254,phq,NB,2,0,0,0,1,26
1255,phq,LR1,2,0,0,0,1,26
1256,phq,SVC1,2,0,0,0,1,26
1257,phq,kNN5,2,0,0,0,1,26
1258,phq,RF,2,0,0,0,1,26
1259,phq,XG,2,0,0,0,1,26
1260,phq,NB,3,0,0,0,1,26
1261,phq,LR1,3,0,0,0,1,26
1262,phq,SVC1,3,0,0,0,1,26
1263,phq,kNN5,3,1,0,0,0,26
1264,phq,RF,3,0,0,0,1,26
1265,phq,XG,3,0,0,0,1,26
1266,phq,NB,4,0,0,0,1,26
1267,phq,LR1,4,0,0,0,1,26
1268,phq,SVC1,4,0,0,0,1,26
1269,phq,kNN5,4,1,0,0,0,26
1270,phq,RF,4,0,0,0,1,26
1271,phq,XG,4,0,0,0,1,26
1272,phq,NB,5,0,0,0,1,26
1273,phq,LR1,5,0,0,0,1,26
1274,phq,SVC1,5,0,0,0,1,26
1275,phq,kNN5,5,1,0,0,0,26
1276,phq,RF,5,0,0,0,1,26
1277,phq,XG,5,0,0,0,1,26
1278,phq,NB,6,0,0,0,1,26
1279,phq,LR1,6,0,0,0,1,26
1280,phq,SVC1,6,0,0,0,1,26
1281,phq,kNN5,6,0,0,0,1,26
1282,phq,RF,6,0,0,0,1,26
1283,phq,XG,6,0,0,0,1,26
1284,phq,NB,7,0,0,0,1,26
1285,phq,LR1,7,0,0,0,1,26
1286,phq,SVC1,7,0,0,0,1,26
1287,phq,kNN5,7,0,0,0,1,26
1288,phq,RF,7,0,0,0,1,26
1289,phq,XG,7,0,0,0,1,26
1290,phq,NB,8,1,0,0,0,26
1291,phq,LR1,8,0,0,0,1,26
1292,phq,SVC1,8,0,0,0,1,26
1293,phq,kNN5,8,0,0,0,1,26
1294,phq,RF,8,0,0,0,1,26
1295,phq,XG,8,0,0,0,1,26
1296,phq,NB,1,0,0,1,0,27
1297,phq,LR1,1,0,0,1,0,27
1298,phq,SVC1,1,0,0,1,0,27
1299,phq,kNN5,1,0,1,0,0,27
1300,phq,RF,1,0,1,0,0,27
1301,phq,XG,1,0,1,0,0,27
1302,phq,NB,2,0,0,1,0,27
1303,phq,LR1,2,0,1,0,0,27
1304,phq,SVC1,2,0,1,0,0,27
1305,phq,kNN5,2,0,1,0,0,27
1306,phq,RF,2,0,1,0,0,27
1307,phq,XG,2,0,1,0,0,27
1308,phq,NB,3,0,0,1,0,27
1309,phq,LR1,3,0,1,0,0,27
1310,phq,SVC1,3,0,1,0,0,27
1311,phq,kNN5,3,0,1,0,0,27
1312,phq,RF,3,0,0,1,0,27
1313,phq,XG,3,0,1,0,0,27
1314,phq,NB,4,0,0,1,0,27
1315,phq,LR1,4,0,1,0,0,27
1316,phq,SVC1,4,0,1,0,0,27
1317,phq,kNN5,4,0,1,0,0,27
1318,phq,RF,4,0,0,1,0,27
1319,phq,XG,4,0,0,1,0,27
1320,phq,NB,5,0,0,1,0,27
1321,phq,LR1,5,0,1,0,0,27
1322,phq,SVC1,5,0,1,0,0,27
1323,phq,kNN5,5,0,1,0,0,27
1324,phq,RF,5,0,0,1,0,27
1325,phq,XG,5,0,0,1,0,27
1326,phq,NB,6,0,0,1,0,27
1327,phq,LR1,6,0,1,0,0,27
1328,phq,SVC1,6,0,1,0,0,27
1329,phq,kNN5,6,0,1,0,0,27
1330,phq,RF,6,0,0,1,0,27
1331,phq,XG,6,0,0,1,0,27
1332,phq,NB,7,0,0,1,0,27
1333,phq,LR1,7,0,1,0,0,27
1334,phq,SVC1,7,0,1,0,0,27
1335,phq,kNN5,7,0,1,0,0,27
1336,phq,RF,7,0,0,1,0,27
1337,phq,XG,7,0,0,1,0,27
1338,phq,NB,8,0,0,1,0,27
1339,phq,LR1,8,0,1,0,0,27
1340,phq,SVC1,8,0,1,0,0,27
1341,phq,kNN5,8,0,1,0,0,27
1342,phq,RF,8,0,1,0,0,27
1343,phq,XG,8,0,0,1,0,27
1344,phq,NB,1,0,0,1,0,28
1345,phq,LR1,1,0,0,1,0,28
1346,phq,SVC1,1,0,1,0,0,28
1347,phq,kNN5,1,0,1,0,0,28
1348,phq,RF,1,0,0,1,0,28
1349,phq,XG,1,0,0,1,0,28
1350,phq,NB,2,0,1,0,0,28
1351,phq,LR1,2,0,0,1,0,28
1352,phq,SVC1,2,0,1,0,0,28
1353,phq,kNN5,2,0,1,0,0,28
1354,phq,RF,2,0,0,1,0,28
1355,phq,XG,2,0,0,1,0,28
1356,phq,NB,3,0,1,0,0,28
1357,phq,LR1,3,0,0,1,0,28
1358,phq,SVC1,3,0,1,0,0,28
1359,phq,kNN5,3,0,0,1,0,28
1360,phq,RF,3,0,1,0,0,28
1361,phq,XG,3,0,1,0,0,28
1362,phq,NB,4,0,0,1,0,28
1363,phq,LR1,4,0,0,1,0,28
1364,phq,SVC1,4,0,1,0,0,28
1365,phq,kNN5,4,0,0,1,0,28
1366,phq,RF,4,0,1,0,0,28
1367,phq,XG,4,0,1,0,0,28
1368,phq,NB,5,0,0,1,0,28
1369,phq,LR1,5,0,0,1,0,28
1370,phq,SVC1,5,0,1,0,0,28
1371,phq,kNN5,5,0,1,0,0,28
1372,phq,RF,5,0,1,0,0,28
1373,phq,XG,5,0,0,1,0,28
1374,phq,NB,6,0,0,1,0,28
1375,phq,LR1,6,0,0,1,0,28
1376,phq,SVC1,6,0,1,0,0,28
1377,phq,kNN5,6,0,1,0,0,28
1378,phq,RF,6,0,1,0,0,28
1379,phq,XG,6,0,1,0,0,28
1380,phq,NB,7,0,1,0,0,28
1381,phq,LR1,7,0,0,1,0,28
1382,phq,SVC1,7,0,1,0,0,28
1383,phq,kNN5,7,0,1,0,0,28
1384,phq,RF,7,0,1,0,0,28
1385,phq,XG,7,0,1,0,0,28
1386,phq,NB,8,0,0,1,0,28
1387,phq,LR1,8,0,0,1,0,28
1388,phq,SVC1,8,0,1,0,0,28
1389,phq,kNN5,8,0,1,0,0,28
1390,phq,RF,8,0,1,0,0,28
1391,phq,XG,8,0,0,1,0,28
1392,phq,NB,1,0,0,1,0,29
1393,phq,LR1,1,0,1,0,0,29
1394,phq,SVC1,1,0,0,1,0,29
1395,phq,kNN5,1,0,0,1,0,29
1396,phq,RF,1,0,0,1,0,29
1397,phq,XG,1,0,0,1,0,29
1398,phq,NB,2,0,1,0,0,29
1399,phq,LR1,2,0,1,0,0,29
1400,phq,SVC1,2,0,1,0,0,29
1401,phq,kNN5,2,0,0,1,0,29
1402,phq,RF,2,0,0,1,0,29
1403,phq,XG,2,0,0,1,0,29
1404,phq,NB,3,0,1,0,0,29
1405,phq,LR1,3,0,1,0,0,29
1406,phq,SVC1,3,0,1,0,0,29
1407,phq,kNN5,3,0,0,1,0,29
1408,phq,RF,3,0,0,1,0,29
1409,phq,XG,3,0,0,1,0,29
1410,phq,NB,4,0,1,0,0,29
1411,phq,LR1,4,0,1,0,0,29
1412,phq,SVC1,4,0,1,0,0,29
1413,phq,kNN5,4,0,0,1,0,29
1414,phq,RF,4,0,1,0,0,29
1415,phq,XG,4,0,0,1,0,29
1416,phq,NB,5,0,1,0,0,29
1417,phq,LR1,5,0,1,0,0,29
1418,phq,SVC1,5,0,1,0,0,29
1419,phq,kNN5,5,0,1,0,0,29
1420,phq,RF,5,0,1,0,0,29
1421,phq,XG,5,0,1,0,0,29
1422,phq,NB,6,0,1,0,0,29
1423,phq,LR1,6,0,1,0,0,29
1424,phq,SVC1,6,0,1,0,0,29
1425,phq,kNN5,6,0,1,0,0,29
1426,phq,RF,6,0,1,0,0,29
1427,phq,XG,6,0,1,0,0,29
1428,phq,NB,7,0,1,0,0,29
1429,phq,LR1,7,0,1,0,0,29
1430,phq,SVC1,7,0,1,0,0,29
1431,phq,kNN5,7,0,1,0,0,29
1432,phq,RF,7,0,1,0,0,29
1433,phq,XG,7,0,1,0,0,29
1434,phq,NB,8,0,1,0,0,29
1435,phq,LR1,8,0,1,0,0,29
1436,phq,SVC1,8,0,1,0,0,29
1437,phq,kNN5,8,0,1,0,0,29
1438,phq,RF,8,0,1,0,0,29
1439,phq,XG,8,0,0,1,0,29
1440,phq,NB,1,0,1,0,0,30
1441,phq,LR1,1,0,0,1,0,30
1442,phq,SVC1,1,0,1,0,0,30
1443,phq,kNN5,1,0,1,0,0,30
1444,phq,RF,1,0,1,0,0,30
1445,phq,XG,1,0,1,0,0,30
1446,phq,NB,2,0,0,1,0,30
1447,phq,LR1,2,0,0,1,0,30
1448,phq,SVC1,2,0,1,0,0,30
1449,phq,kNN5,2,0,1,0,0,30
1450,phq,RF,2,0,1,0,0,30
1451,phq,XG,2,0,1,0,0,30
1452,phq,NB,3,0,0,1,0,30
1453,phq,LR1,3,0,0,1,0,30
1454,phq,SVC1,3,0,1,0,0,30
1455,phq,kNN5,3,0,1,0,0,30
1456,phq,RF,3,0,1,0,0,30
1457,phq,XG,3,0,1,0,0,30
1458,phq,NB,4,0,0,1,0,30
1459,phq,LR1,4,0,0,1,0,30
1460,phq,SVC1,4,0,0,1,0,30
1461,phq,kNN5,4,0,0,1,0,30
1462,phq,RF,4,0,0,1,0,30
1463,phq,XG,4,0,0,1,0,30
1464,phq,NB,5,0,0,1,0,30
1465,phq,LR1,5,0,0,1,0,30
1466,phq,SVC1,5,0,0,1,0,30
1467,phq,kNN5,5,0,0,1,0,30
1468,phq,RF,5,0,0,1,0,30
1469,phq,XG,5,0,0,1,0,30
1470,phq,NB,6,0,0,1,0,30
1471,phq,LR1,6,0,0,1,0,30
1472,phq,SVC1,6,0,0,1,0,30
1473,phq,kNN5,6,0,0,1,0,30
1474,phq,RF,6,0,0,1,0,30
1475,phq,XG,6,0,0,1,0,30
1476,phq,NB,7,0,0,1,0,30
1477,phq,LR1,7,0,0,1,0,30
1478,phq,SVC1,7,0,0,1,0,30
1479,phq,kNN5,7,0,0,1,0,30
1480,phq,RF,7,0,0,1,0,30
1481,phq,XG,7,0,0,1,0,30
1482,phq,NB,8,0,0,1,0,30
1483,phq,LR1,8,0,0,1,0,30
1484,phq,SVC1,8,0,0,1,0,30
1485,phq,kNN5,8,0,0,1,0,30
1486,phq,RF,8,0,0,1,0,30
1487,phq,XG,8,0,0,1,0,30
1488,phq,NB,1,1,0,0,0,31
1489,phq,LR1,1,0,0,0,1,31
1490,phq,SVC1,1,0,0,0,1,31
1491,phq,kNN5,1,1,0,0,0,31
1492,phq,RF,1,1,0,0,0,31
1493,phq,XG,1,1,0,0,0,31
1494,phq,NB,2,0,0,0,1,31
1495,phq,LR1,2,0,0,0,1,31
1496,phq,SVC1,2,0,0,0,1,31
1497,phq,kNN5,2,1,0,0,0,31
1498,phq,RF,2,1,0,0,0,31
1499,phq,XG,2,1,0,0,0,31
1500,phq,NB,3,1,0,0,0,31
1501,phq,LR1,3,1,0,0,0,31
1502,phq,SVC1,3,0,0,0,1,31
1503,phq,kNN5,3,1,0,0,0,31
1504,phq,RF,3,1,0,0,0,31
1505,phq,XG,3,1,0,0,0,31
1506,phq,NB,4,1,0,0,0,31
1507,phq,LR1,4,0,0,0,1,31
1508,phq,SVC1,4,0,0,0,1,31
1509,phq,kNN5,4,1,0,0,0,31
1510,phq,RF,4,1,0,0,0,31
1511,phq,XG,4,1,0,0,0,31
1512,phq,NB,5,0,0,0,1,31
1513,phq,LR1,5,0,0,0,1,31
1514,phq,SVC1,5,0,0,0,1,31
1515,phq,kNN5,5,1,0,0,0,31
1516,phq,RF,5,1,0,0,0,31
1517,phq,XG,5,1,0,0,0,31
1518,phq,NB,6,0,0,0,1,31
1519,phq,LR1,6,0,0,0,1,31
1520,phq,SVC1,6,0,0,0,1,31
1521,phq,kNN5,6,1,0,0,0,31
1522,phq,RF,6,0,0,0,1,31
1523,phq,XG,6,1,0,0,0,31
1524,phq,NB,7,0,0,0,1,31
1525,phq,LR1,7,0,0,0,1,31
1526,phq,SVC1,7,0,0,0,1,31
1527,phq,kNN5,7,1,0,0,0,31
1528,phq,RF,7,0,0,0,1,31
1529,phq,XG,7,0,0,0,1,31
1530,phq,NB,8,0,0,0,1,31
1531,phq,LR1,8,0,0,0,1,31
1532,phq,SVC1,8,0,0,0,1,31
1533,phq,kNN5,8,1,0,0,0,31
1534,phq,RF,8,0,0,0,1,31
1535,phq,XG,8,0,0,0,1,31
1536,phq,NB,1,0,0,1,0,32
1537,phq,LR1,1,0,0,1,0,32
1538,phq,SVC1,1,0,0,1,0,32
1539,phq,kNN5,1,0,1,0,0,32
1540,phq,RF,1,0,0,1,0,32
1541,phq,XG,1,0,0,1,0,32
1542,phq,NB,2,0,0,1,0,32
1543,phq,LR1,2,0,0,1,0,32
1544,phq,SVC1,2,0,0,1,0,32
1545,phq,kNN5,2,0,1,0,0,32
1546,phq,RF,2,0,0,1,0,32
1547,phq,XG,2,0,0,1,0,32
1548,phq,NB,3,0,0,1,0,32
1549,phq,LR1,3,0,0,1,0,32
1550,phq,SVC1,3,0,0,1,0,32
1551,phq,kNN5,3,0,0,1,0,32
1552,phq,RF,3,0,0,1,0,32
1553,phq,XG,3,0,0,1,0,32
1554,phq,NB,4,0,0,1,0,32
1555,phq,LR1,4,0,0,1,0,32
1556,phq,SVC1,4,0,0,1,0,32
1557,phq,kNN5,4,0,0,1,0,32
1558,phq,RF,4,0,0,1,0,32
1559,phq,XG,4,0,0,1,0,32
1560,phq,NB,5,0,0,1,0,32
1561,phq,LR1,5,0,0,1,0,32
1562,phq,SVC1,5,0,0,1,0,32
1563,phq,kNN5,5,0,1,0,0,32
1564,phq,RF,5,0,0,1,0,32
1565,phq,XG,5,0,0,1,0,32
1566,phq,NB,6,0,0,1,0,32
1567,phq,LR1,6,0,0,1,0,32
1568,phq,SVC1,6,0,0,1,0,32
1569,phq,kNN5,6,0,1,0,0,32
1570,phq,RF,6,0,0,1,0,32
1571,phq,XG,6,0,0,1,0,32
1572,phq,NB,7,0,0,1,0,32
1573,phq,LR1,7,0,0,1,0,32
1574,phq,SVC1,7,0,0,1,0,32
1575,phq,kNN5,7,0,1,0,0,32
1576,phq,RF,7,0,0,1,0,32
1577,phq,XG,7,0,0,1,0,32
1578,phq,NB,8,0,0,1,0,32
1579,phq,LR1,8,0,0,1,0,32
1580,phq,SVC1,8,0,0,1,0,32
1581,phq,kNN5,8,0,1,0,0,32
1582,phq,RF,8,0,0,1,0,32
1583,phq,XG,8,0,0,1,0,32
1584,phq,NB,1,0,1,0,0,33
1585,phq,LR1,1,0,0,1,0,33
1586,phq,SVC1,1,0,0,1,0,33
1587,phq,kNN5,1,0,0,1,0,33
1588,phq,RF,1,0,0,1,0,33
1589,phq,XG,1,0,0,1,0,33
1590,phq,NB,2,0,1,0,0,33
1591,phq,LR1,2,0,0,1,0,33
1592,phq,SVC1,2,0,0,1,0,33
1593,phq,kNN5,2,0,0,1,0,33
1594,phq,RF,2,0,0,1,0,33
1595,phq,XG,2,0,0,1,0,33
1596,phq,NB,3,0,1,0,0,33
1597,phq,LR1,3,0,0,1,0,33
1598,phq,SVC1,3,0,0,1,0,33
1599,phq,kNN5,3,0,0,1,0,33
1600,phq,RF,3,0,0,1,0,33
1601,phq,XG,3,0,0,1,0,33
1602,phq,NB,4,0,0,1,0,33
1603,phq,LR1,4,0,0,1,0,33
1604,phq,SVC1,4,0,0,1,0,33
1605,phq,kNN5,4,0,0,1,0,33
1606,phq,RF,4,0,0,1,0,33
1607,phq,XG,4,0,0,1,0,33
1608,phq,NB,5,0,0,1,0,33
1609,phq,LR1,5,0,0,1,0,33
1610,phq,SVC1,5,0,0,1,0,33
1611,phq,kNN5,5,0,0,1,0,33
1612,phq,RF,5,0,0,1,0,33
1613,phq,XG,5,0,1,0,0,33
1614,phq,NB,6,0,0,1,0,33
1615,phq,LR1,6,0,0,1,0,33
1616,phq,SVC1,6,0,0,1,0,33
1617,phq,kNN5,6,0,0,1,0,33
1618,phq,RF,6,0,0,1,0,33
1619,phq,XG,6,0,1,0,0,33
1620,phq,NB,7,0,0,1,0,33
1621,phq,LR1,7,0,0,1,0,33
1622,phq,SVC1,7,0,0,1,0,33
1623,phq,kNN5,7,0,0,1,0,33
1624,phq,RF,7,0,0,1,0,33
1625,phq,XG,7,0,1,0,0,33
1626,phq,NB,8,0,0,1,0,33
1627,phq,LR1,8,0,0,1,0,33
1628,phq,SVC1,8,0,0,1,0,33
1629,phq,kNN5,8,0,0,1,0,33
1630,phq,RF,8,0,0,1,0,33
1631,phq,XG,8,0,1,0,0,33
1632,phq,NB,1,0,1,0,0,34
1633,phq,LR1,1,0,1,0,0,34
1634,phq,SVC1,1,0,0,1,0,34
1635,phq,kNN5,1,0,1,0,0,34
1636,phq,RF,1,0,0,1,0,34
1637,phq,XG,1,0,0,1,0,34
1638,phq,NB,2,0,1,0,0,34
1639,phq,LR1,2,0,1,0,0,34
1640,phq,SVC1,2,0,0,1,0,34
1641,phq,kNN5,2,0,0,1,0,34
1642,phq,RF,2,0,0,1,0,34
1643,phq,XG,2,0,1,0,0,34
1644,phq,NB,3,0,1,0,0,34
1645,phq,LR1,3,0,1,0,0,34
1646,phq,SVC1,3,0,0,1,0,34
1647,phq,kNN5,3,0,0,1,0,34
1648,phq,RF,3,0,0,1,0,34
1649,phq,XG,3,0,0,1,0,34
1650,phq,NB,4,0,1,0,0,34
1651,phq,LR1,4,0,1,0,0,34
1652,phq,SVC1,4,0,0,1,0,34
1653,phq,kNN5,4,0,0,1,0,34
1654,phq,RF,4,0,0,1,0,34
1655,phq,XG,4,0,0,1,0,34
1656,phq,NB,5,0,0,1,0,34
1657,phq,LR1,5,0,1,0,0,34
1658,phq,SVC1,5,0,0,1,0,34
1659,phq,kNN5,5,0,0,1,0,34
1660,phq,RF,5,0,0,1,0,34
1661,phq,XG,5,0,0,1,0,34
1662,phq,NB,6,0,0,1,0,34
1663,phq,LR1,6,0,1,0,0,34
1664,phq,SVC1,6,0,0,1,0,34
1665,phq,kNN5,6,0,0,1,0,34
1666,phq,RF,6,0,0,1,0,34
1667,phq,XG,6,0,0,1,0,34
1668,phq,NB,7,0,0,1,0,34
1669,phq,LR1,7,0,1,0,0,34
1670,phq,SVC1,7,0,0,1,0,34
1671,phq,kNN5,7,0,0,1,0,34
1672,phq,RF,7,0,0,1,0,34
1673,phq,XG,7,0,0,1,0,34
1674,phq,NB,8,0,0,1,0,34
1675,phq,LR1,8,0,1,0,0,34
1676,phq,SVC1,8,0,0,1,0,34
1677,phq,kNN5,8,0,1,0,0,34
1678,phq,RF,8,0,0,1,0,34
1679,phq,XG,8,0,0,1,0,34
1680,phq,NB,1,1,0,0,0,35
1681,phq,LR1,1,0,0,0,1,35
1682,phq,SVC1,1,1,0,0,0,35
1683,phq,kNN5,1,0,0,0,1,35
1684,phq,RF,1,1,0,0,0,35
1685,phq,XG,1,1,0,0,0,35
1686,phq,NB,2,1,0,0,0,35
1687,phq,LR1,2,1,0,0,0,35
1688,phq,SVC1,2,1,0,0,0,35
1689,phq,kNN5,2,1,0,0,0,35
1690,phq,RF,2,0,0,0,1,35
1691,phq,XG,2,1,0,0,0,35
1692,phq,NB,3,1,0,0,0,35
1693,phq,LR1,3,1,0,0,0,35
1694,phq,SVC1,3,1,0,0,0,35
1695,phq,kNN5,3,1,0,0,0,35
1696,phq,RF,3,0,0,0,1,35
1697,phq,XG,3,1,0,0,0,35
1698,phq,NB,4,1,0,0,0,35
1699,phq,LR1,4,1,0,0,0,35
1700,phq,SVC1,4,1,0,0,0,35
1701,phq,kNN5,4,0,0,0,1,35
1702,phq,RF,4,0,0,0,1,35
1703,phq,XG,4,1,0,0,0,35
1704,phq,NB,5,1,0,0,0,35
1705,phq,LR1,5,1,0,0,0,35
1706,phq,SVC1,5,1,0,0,0,35
1707,phq,kNN5,5,0,0,0,1,35
1708,phq,RF,5,0,0,0,1,35
1709,phq,XG,5,0,0,0,1,35
1710,phq,NB,6,1,0,0,0,35
1711,phq,LR1,6,1,0,0,0,35
1712,phq,SVC1,6,1,0,0,0,35
1713,phq,kNN5,6,0,0,0,1,35
1714,phq,RF,6,0,0,0,1,35
1715,phq,XG,6,0,0,0,1,35
1716,phq,NB,7,1,0,0,0,35
1717,phq,LR1,7,1,0,0,0,35
1718,phq,SVC1,7,1,0,0,0,35
1719,phq,kNN5,7,0,0,0,1,35
1720,phq,RF,7,0,0,0,1,35
1721,phq,XG,7,0,0,0,1,35
1722,phq,NB,8,0,0,0,1,35
1723,phq,LR1,8,1,0,0,0,35
1724,phq,SVC1,8,1,0,0,0,35
1725,phq,kNN5,8,0,0,0,1,35
1726,phq,RF,8,0,0,0,1,35
1727,phq,XG,8,0,0,0,1,35
1728,phq,NB,1,0,1,0,0,36
1729,phq,LR1,1,0,1,0,0,36
1730,phq,SVC1,1,0,1,0,0,36
1731,phq,kNN5,1,0,1,0,0,36
1732,phq,RF,1,0,0,1,0,36
1733,phq,XG,1,0,1,0,0,36
1734,phq,NB,2,0,1,0,0,36
1735,phq,LR1,2,0,1,0,0,36
1736,phq,SVC1,2,0,1,0,0,36
1737,phq,kNN5,2,0,1,0,0,36
1738,phq,RF,2,0,1,0,0,36
1739,phq,XG,2,0,1,0,0,36
1740,phq,NB,3,0,1,0,0,36
1741,phq,LR1,3,0,1,0,0,36
1742,phq,SVC1,3,0,1,0,0,36
1743,phq,kNN5,3,0,1,0,0,36
1744,phq,RF,3,0,1,0,0,36
1745,phq,XG,3,0,1,0,0,36
1746,phq,NB,4,0,1,0,0,36
1747,phq,LR1,4,0,1,0,0,36
1748,phq,SVC1,4,0,1,0,0,36
1749,phq,kNN5,4,0,1,0,0,36
1750,phq,RF,4,0,1,0,0,36
1751,phq,XG,4,0,1,0,0,36
1752,phq,NB,5,0,1,0,0,36
1753,phq,LR1,5,0,1,0,0,36
1754,phq,SVC1,5,0,1,0,0,36
1755,phq,kNN5,5,0,1,0,0,36
1756,phq,RF,5,0,1,0,0,36
1757,phq,XG,5,0,0,1,0,36
1758,phq,NB,6,0,1,0,0,36
1759,phq,LR1,6,0,1,0,0,36
1760,phq,SVC1,6,0,1,0,0,36
1761,phq,kNN5,6,0,1,0,0,36
1762,phq,RF,6,0,1,0,0,36
1763,phq,XG,6,0,1,0,0,36
1764,phq,NB,7,0,1,0,0,36
1765,phq,LR1,7,0,1,0,0,36
1766,phq,SVC1,7,0,1,0,0,36
1767,phq,kNN5,7,0,1,0,0,36
1768,phq,RF,7,0,1,0,0,36
1769,phq,XG,7,0,1,0,0,36
1770,phq,NB,8,0,1,0,0,36
1771,phq,LR1,8,0,1,0,0,36
1772,phq,SVC1,8,0,1,0,0,36
1773,phq,kNN5,8,0,1,0,0,36
1774,phq,RF,8,0,0,1,0,36
1775,phq,XG,8,0,0,1,0,36
1776,phq,NB,1,1,0,0,0,37
1777,phq,LR1,1,0,0,0,1,37
1778,phq,SVC1,1,1,0,0,0,37
1779,phq,kNN5,1,1,0,0,0,37
1780,phq,RF,1,1,0,0,0,37
1781,phq,XG,1,1,0,0,0,37
1782,phq,NB,2,1,0,0,0,37
1783,phq,LR1,2,1,0,0,0,37
1784,phq,SVC1,2,1,0,0,0,37
1785,phq,kNN5,2,1,0,0,0,37
1786,phq,RF,2,1,0,0,0,37
1787,phq,XG,2,1,0,0,0,37
1788,phq,NB,3,1,0,0,0,37
1789,phq,LR1,3,1,0,0,0,37
1790,phq,SVC1,3,1,0,0,0,37
1791,phq,kNN5,3,1,0,0,0,37
1792,phq,RF,3,1,0,0,0,37
1793,phq,XG,3,1,0,0,0,37
1794,phq,NB,4,1,0,0,0,37
1795,phq,LR1,4,1,0,0,0,37
1796,phq,SVC1,4,1,0,0,0,37
1797,phq,kNN5,4,1,0,0,0,37
1798,phq,RF,4,1,0,0,0,37
1799,phq,XG,4,1,0,0,0,37
1800,phq,NB,5,1,0,0,0,37
1801,phq,LR1,5,1,0,0,0,37
1802,phq,SVC1,5,1,0,0,0,37
1803,phq,kNN5,5,1,0,0,0,37
1804,phq,RF,5,1,0,0,0,37
1805,phq,XG,5,1,0,0,0,37
1806,phq,NB,6,1,0,0,0,37
1807,phq,LR1,6,1,0,0,0,37
1808,phq,SVC1,6,1,0,0,0,37
1809,phq,kNN5,6,1,0,0,0,37
1810,phq,RF,6,1,0,0,0,37
1811,phq,XG,6,1,0,0,0,37
1812,phq,NB,7,1,0,0,0,37
1813,phq,LR1,7,1,0,0,0,37
1814,phq,SVC1,7,1,0,0,0,37
1815,phq,kNN5,7,1,0,0,0,37
1816,phq,RF,7,1,0,0,0,37
1817,phq,XG,7,1,0,0,0,37
1818,phq,NB,8,1,0,0,0,37
1819,phq,LR1,8,1,0,0,0,37
1820,phq,SVC1,8,1,0,0,0,37
1821,phq,kNN5,8,1,0,0,0,37
1822,phq,RF,8,1,0,0,0,37
1823,phq,XG,8,1,0,0,0,37
1824,phq,NB,1,0,0,1,0,38
1825,phq,LR1,1,0,0,1,0,38
1826,phq,SVC1,1,0,1,0,0,38
1827,phq,kNN5,1,0,0,1,0,38
1828,phq,RF,1,0,1,0,0,38
1829,phq,XG,1,0,1,0,0,38
1830,phq,NB,2,0,1,0,0,38
1831,phq,LR1,2,0,1,0,0,38
1832,phq,SVC1,2,0,1,0,0,38
1833,phq,kNN5,2,0,1,0,0,38
1834,phq,RF,2,0,0,1,0,38
1835,phq,XG,2,0,1,0,0,38
1836,phq,NB,3,0,1,0,0,38
1837,phq,LR1,3,0,1,0,0,38
1838,phq,SVC1,3,0,1,0,0,38
1839,phq,kNN5,3,0,1,0,0,38
1840,phq,RF,3,0,1,0,0,38
1841,phq,XG,3,0,1,0,0,38
1842,phq,NB,4,0,1,0,0,38
1843,phq,LR1,4,0,1,0,0,38
1844,phq,SVC1,4,0,1,0,0,38
1845,phq,kNN5,4,0,1,0,0,38
1846,phq,RF,4,0,1,0,0,38
1847,phq,XG,4,0,1,0,0,38
1848,phq,NB,5,0,1,0,0,38
1849,phq,LR1,5,0,1,0,0,38
1850,phq,SVC1,5,0,1,0,0,38
1851,phq,kNN5,5,0,1,0,0,38
1852,phq,RF,5,0,1,0,0,38
1853,phq,XG,5,0,1,0,0,38
1854,phq,NB,6,0,1,0,0,38
1855,phq,LR1,6,0,1,0,0,38
1856,phq,SVC1,6,0,1,0,0,38
1857,phq,kNN5,6,0,1,0,0,38
1858,phq,RF,6,0,0,1,0,38
1859,phq,XG,6,0,0,1,0,38
1860,phq,NB,7,0,1,0,0,38
1861,phq,LR1,7,0,1,0,0,38
1862,phq,SVC1,7,0,1,0,0,38
1863,phq,kNN5,7,0,1,0,0,38
1864,phq,RF,7,0,1,0,0,38
1865,phq,XG,7,0,1,0,0,38
1866,phq,NB,8,0,1,0,0,38
1867,phq,LR1,8,0,1,0,0,38
1868,phq,SVC1,8,0,1,0,0,38
1869,phq,kNN5,8,0,1,0,0,38
1870,phq,RF,8,0,1,0,0,38
1871,phq,XG,8,0,1,0,0,38
1872,phq,NB,1,0,1,0,0,39
1873,phq,LR1,1,0,0,1,0,39
1874,phq,SVC1,1,0,1,0,0,39
1875,phq,kNN5,1,0,1,0,0,39
1876,phq,RF,1,0,0,1,0,39
1877,phq,XG,1,0,0,1,0,39
1878,phq,NB,2,0,1,0,0,39
1879,phq,LR1,2,0,0,1,0,39
1880,phq,SVC1,2,0,1,0,0,39
1881,phq,kNN5,2,0,1,0,0,39
1882,phq,RF,2,0,0,1,0,39
1883,phq,XG,2,0,0,1,0,39
1884,phq,NB,3,0,0,1,0,39
1885,phq,LR1,3,0,0,1,0,39
1886,phq,SVC1,3,0,1,0,0,39
1887,phq,kNN5,3,0,1,0,0,39
1888,phq,RF,3,0,0,1,0,39
1889,phq,XG,3,0,0,1,0,39
1890,phq,NB,4,0,1,0,0,39
1891,phq,LR1,4,0,0,1,0,39
1892,phq,SVC1,4,0,1,0,0,39
1893,phq,kNN5,4,0,1,0,0,39
1894,phq,RF,4,0,0,1,0,39
1895,phq,XG,4,0,0,1,0,39
1896,phq,NB,5,0,1,0,0,39
1897,phq,LR1,5,0,0,1,0,39
1898,phq,SVC1,5,0,1,0,0,39
1899,phq,kNN5,5,0,1,0,0,39
1900,phq,RF,5,0,0,1,0,39
1901,phq,XG,5,0,0,1,0,39
1902,phq,NB,6,0,1,0,0,39
1903,phq,LR1,6,0,0,1,0,39
1904,phq,SVC1,6,0,1,0,0,39
1905,phq,kNN5,6,0,1,0,0,39
1906,phq,RF,6,0,0,1,0,39
1907,phq,XG,6,0,0,1,0,39
1908,phq,NB,7,0,1,0,0,39
1909,phq,LR1,7,0,0,1,0,39
1910,phq,SVC1,7,0,1,0,0,39
1911,phq,kNN5,7,0,1,0,0,39
1912,phq,RF,7,0,0,1,0,39
1913,phq,XG,7,0,0,1,0,39
1914,phq,NB,8,0,1,0,0,39
1915,phq,LR1,8,0,0,1,0,39
1916,phq,SVC1,8,0,1,0,0,39
1917,phq,kNN5,8,0,1,0,0,39
1918,phq,RF,8,0,0,1,0,39
1919,phq,XG,8,0,0,1,0,39
1920,phq,NB,1,0,0,0,1,40
1921,phq,LR1,1,0,0,0,1,40
1922,phq,SVC1,1,0,0,0,1,40
1923,phq,kNN5,1,1,0,0,0,40
1924,phq,RF,1,1,0,0,0,40
1925,phq,XG,1,1,0,0,0,40
1926,phq,NB,2,0,0,0,1,40
1927,phq,LR1,2,0,0,0,1,40
1928,phq,SVC1,2,1,0,0,0,40
1929,phq,kNN5,2,1,0,0,0,40
1930,phq,RF,2,1,0,0,0,40
1931,phq,XG,2,1,0,0,0,40
1932,phq,NB,3,0,0,0,1,40
1933,phq,LR1,3,0,0,0,1,40
1934,phq,SVC1,3,1,0,0,0,40
1935,phq,kNN5,3,0,0,0,1,40
1936,phq,RF,3,1,0,0,0,40
1937,phq,XG,3,1,0,0,0,40
1938,phq,NB,4,0,0,0,1,40
1939,phq,LR1,4,0,0,0,1,40
1940,phq,SVC1,4,1,0,0,0,40
1941,phq,kNN5,4,0,0,0,1,40
1942,phq,RF,4,1,0,0,0,40
1943,phq,XG,4,1,0,0,0,40
1944,phq,NB,5,0,0,0,1,40
1945,phq,LR1,5,0,0,0,1,40
1946,phq,SVC1,5,1,0,0,0,40
1947,phq,kNN5,5,0,0,0,1,40
1948,phq,RF,5,1,0,0,0,40
1949,phq,XG,5,1,0,0,0,40
1950,phq,NB,6,0,0,0,1,40
1951,phq,LR1,6,0,0,0,1,40
1952,phq,SVC1,6,1,0,0,0,40
1953,phq,kNN5,6,0,0,0,1,40
1954,phq,RF,6,1,0,0,0,40
1955,phq,XG,6,1,0,0,0,40
1956,phq,NB,7,0,0,0,1,40
1957,phq,LR1,7,0,0,0,1,40
1958,phq,SVC1,7,1,0,0,0,40
1959,phq,kNN5,7,0,0,0,1,40
1960,phq,RF,7,1,0,0,0,40
1961,phq,XG,7,1,0,0,0,40
1962,phq,NB,8,0,0,0,1,40
1963,phq,LR1,8,0,0,0,1,40
1964,phq,SVC1,8,1,0,0,0,40
1965,phq,kNN5,8,0,0,0,1,40
1966,phq,RF,8,1,0,0,0,40
1967,phq,XG,8,1,0,0,0,40
1968,phq,NB,1,0,0,1,0,41
1969,phq,LR1,1,0,0,1,0,41
1970,phq,SVC1,1,0,0,1,0,41
1971,phq,kNN5,1,0,0,1,0,41
1972,phq,RF,1,0,0,1,0,41
1973,phq,XG,1,0,0,1,0,41
1974,phq,NB,2,0,0,1,0,41
1975,phq,LR1,2,0,0,1,0,41
1976,phq,SVC1,2,0,0,1,0,41
1977,phq,kNN5,2,0,0,1,0,41
1978,phq,RF,2,0,0,1,0,41
1979,phq,XG,2,0,0,1,0,41
1980,phq,NB,3,0,0,1,0,41
1981,phq,LR1,3,0,0,1,0,41
1982,phq,SVC1,3,0,0,1,0,41
1983,phq,kNN5,3,0,0,1,0,41
1984,phq,RF,3,0,0,1,0,41
1985,phq,XG,3,0,0,1,0,41
1986,phq,NB,4,0,0,1,0,41
1987,phq,LR1,4,0,0,1,0,41
1988,phq,SVC1,4,0,0,1,0,41
1989,phq,kNN5,4,0,0,1,0,41
1990,phq,RF,4,0,0,1,0,41
1991,phq,XG,4,0,0,1,0,41
1992,phq,NB,5,0,0,1,0,41
1993,phq,LR1,5,0,0,1,0,41
1994,phq,SVC1,5,0,0,1,0,41
1995,phq,kNN5,5,0,0,1,0,41
1996,phq,RF,5,0,0,1,0,41
1997,phq,XG,5,0,0,1,0,41
1998,phq,NB,6,0,0,1,0,41
1999,phq,LR1,6,0,0,1,0,41
2000,phq,SVC1,6,0,0,1,0,41
2001,phq,kNN5,6,0,0,1,0,41
2002,phq,RF,6,0,0,1,0,41
2003,phq,XG,6,0,0,1,0,41
2004,phq,NB,7,0,0,1,0,41
2005,phq,LR1,7,0,0,1,0,41
2006,phq,SVC1,7,0,0,1,0,41
2007,phq,kNN5,7,0,0,1,0,41
2008,phq,RF,7,0,0,1,0,41
2009,phq,XG,7,0,0,1,0,41
2010,phq,NB,8,0,0,1,0,41
2011,phq,LR1,8,0,0,1,0,41
2012,phq,SVC1,8,0,0,1,0,41
2013,phq,kNN5,8,0,0,1,0,41
2014,phq,RF,8,0,0,1,0,41
2015,phq,XG,8,0,0,1,0,41
2016,phq,NB,1,0,0,0,1,42
2017,phq,LR1,1,0,0,0,1,42
2018,phq,SVC1,1,0,0,0,1,42
2019,phq,kNN5,1,1,0,0,0,42
2020,phq,RF,1,0,0,0,1,42
2021,phq,XG,1,0,0,0,1,42
2022,phq,NB,2,0,0,0,1,42
2023,phq,LR1,2,0,0,0,1,42
2024,phq,SVC1,2,0,0,0,1,42
2025,phq,kNN5,2,0,0,0,1,42
2026,phq,RF,2,0,0,0,1,42
2027,phq,XG,2,0,0,0,1,42
2028,phq,NB,3,0,0,0,1,42
2029,phq,LR1,3,0,0,0,1,42
2030,phq,SVC1,3,0,0,0,1,42
2031,phq,kNN5,3,0,0,0,1,42
2032,phq,RF,3,0,0,0,1,42
2033,phq,XG,3,0,0,0,1,42
2034,phq,NB,4,0,0,0,1,42
2035,phq,LR1,4,0,0,0,1,42
2036,phq,SVC1,4,0,0,0,1,42
2037,phq,kNN5,4,0,0,0,1,42
2038,phq,RF,4,0,0,0,1,42
2039,phq,XG,4,0,0,0,1,42
2040,phq,NB,5,1,0,0,0,42
2041,phq,LR1,5,0,0,0,1,42
2042,phq,SVC1,5,0,0,0,1,42
2043,phq,kNN5,5,0,0,0,1,42
2044,phq,RF,5,0,0,0,1,42
2045,phq,XG,5,0,0,0,1,42
2046,phq,NB,6,1,0,0,0,42
2047,phq,LR1,6,0,0,0,1,42
2048,phq,SVC1,6,0,0,0,1,42
2049,phq,kNN5,6,0,0,0,1,42
2050,phq,RF,6,0,0,0,1,42
2051,phq,XG,6,0,0,0,1,42
2052,phq,NB,7,0,0,0,1,42
2053,phq,LR1,7,0,0,0,1,42
2054,phq,SVC1,7,0,0,0,1,42
2055,phq,kNN5,7,0,0,0,1,42
2056,phq,RF,7,0,0,0,1,42
2057,phq,XG,7,0,0,0,1,42
2058,phq,NB,8,0,0,0,1,42
2059,phq,LR1,8,0,0,0,1,42
2060,phq,SVC1,8,0,0,0,1,42
2061,phq,kNN5,8,0,0,0,1,42
2062,phq,RF,8,0,0,0,1,42
2063,phq,XG,8,0,0,0,1,42
2064,phq,NB,1,1,0,0,0,43
2065,phq,LR1,1,0,0,0,1,43
2066,phq,SVC1,1,0,0,0,1,43
2067,phq,kNN5,1,0,0,0,1,43
2068,phq,RF,1,0,0,0,1,43
2069,phq,XG,1,0,0,0,1,43
2070,phq,NB,2,1,0,0,0,43
2071,phq,LR1,2,0,0,0,1,43
2072,phq,SVC1,2,0,0,0,1,43
2073,phq,kNN5,2,0,0,0,1,43
2074,phq,RF,2,0,0,0,1,43
2075,phq,XG,2,0,0,0,1,43
2076,phq,NB,3,0,0,0,1,43
2077,phq,LR1,3,0,0,0,1,43
2078,phq,SVC1,3,0,0,0,1,43
2079,phq,kNN5,3,0,0,0,1,43
2080,phq,RF,3,0,0,0,1,43
2081,phq,XG,3,0,0,0,1,43
2082,phq,NB,4,0,0,0,1,43
2083,phq,LR1,4,0,0,0,1,43
2084,phq,SVC1,4,0,0,0,1,43
2085,phq,kNN5,4,0,0,0,1,43
2086,phq,RF,4,0,0,0,1,43
2087,phq,XG,4,0,0,0,1,43
2088,phq,NB,5,0,0,0,1,43
2089,phq,LR1,5,0,0,0,1,43
2090,phq,SVC1,5,0,0,0,1,43
2091,phq,kNN5,5,0,0,0,1,43
2092,phq,RF,5,0,0,0,1,43
2093,phq,XG,5,0,0,0,1,43
2094,phq,NB,6,0,0,0,1,43
2095,phq,LR1,6,0,0,0,1,43
2096,phq,SVC1,6,0,0,0,1,43
2097,phq,kNN5,6,0,0,0,1,43
2098,phq,RF,6,0,0,0,1,43
2099,phq,XG,6,0,0,0,1,43
2100,phq,NB,7,0,0,0,1,43
2101,phq,LR1,7,0,0,0,1,43
2102,phq,SVC1,7,0,0,0,1,43
2103,phq,kNN5,7,0,0,0,1,43
2104,phq,RF,7,0,0,0,1,43
2105,phq,XG,7,0,0,0,1,43
2106,phq,NB,8,0,0,0,1,43
2107,phq,LR1,8,0,0,0,1,43
2108,phq,SVC1,8,0,0,0,1,43
2109,phq,kNN5,8,0,0,0,1,43
2110,phq,RF,8,0,0,0,1,43
2111,phq,XG,8,0,0,0,1,43
2112,phq,NB,1,0,0,0,1,44
2113,phq,LR1,1,1,0,0,0,44
2114,phq,SVC1,1,0,0,0,1,44
2115,phq,kNN5,1,0,0,0,1,44
2116,phq,RF,1,0,0,0,1,44
2117,phq,XG,1,0,0,0,1,44
2118,phq,NB,2,0,0,0,1,44
2119,phq,LR1,2,0,0,0,1,44
2120,phq,SVC1,2,0,0,0,1,44
2121,phq,kNN5,2,0,0,0,1,44
2122,phq,RF,2,0,0,0,1,44
2123,phq,XG,2,0,0,0,1,44
2124,phq,NB,3,0,0,0,1,44
2125,phq,LR1,3,0,0,0,1,44
2126,phq,SVC1,3,0,0,0,1,44
2127,phq,kNN5,3,0,0,0,1,44
2128,phq,RF,3,0,0,0,1,44
2129,phq,XG,3,0,0,0,1,44
2130,phq,NB,4,0,0,0,1,44
2131,phq,LR1,4,0,0,0,1,44
2132,phq,SVC1,4,0,0,0,1,44
2133,phq,kNN5,4,0,0,0,1,44
2134,phq,RF,4,0,0,0,1,44
2135,phq,XG,4,0,0,0,1,44
2136,phq,NB,5,0,0,0,1,44
2137,phq,LR1,5,0,0,0,1,44
2138,phq,SVC1,5,0,0,0,1,44
2139,phq,kNN5,5,0,0,0,1,44
2140,phq,RF,5,0,0,0,1,44
2141,phq,XG,5,0,0,0,1,44
2142,phq,NB,6,0,0,0,1,44
2143,phq,LR1,6,0,0,0,1,44
2144,phq,SVC1,6,0,0,0,1,44
2145,phq,kNN5,6,0,0,0,1,44
2146,phq,RF,6,0,0,0,1,44
2147,phq,XG,6,0,0,0,1,44
2148,phq,NB,7,0,0,0,1,44
2149,phq,LR1,7,0,0,0,1,44
2150,phq,SVC1,7,0,0,0,1,44
2151,phq,kNN5,7,0,0,0,1,44
2152,phq,RF,7,0,0,0,1,44
2153,phq,XG,7,0,0,0,1,44
2154,phq,NB,8,0,0,0,1,44
2155,phq,LR1,8,0,0,0,1,44
2156,phq,SVC1,8,0,0,0,1,44
2157,phq,kNN5,8,0,0,0,1,44
2158,phq,RF,8,0,0,0,1,44
2159,phq,XG,8,0,0,0,1,44
2160,phq,NB,1,1,0,0,0,45
2161,phq,LR1,1,1,0,0,0,45
2162,phq,SVC1,1,0,0,0,1,45
2163,phq,kNN5,1,0,0,0,1,45
2164,phq,RF,1,0,0,0,1,45
2165,phq,XG,1,0,0,0,1,45
2166,phq,NB,2,1,0,0,0,45
2167,phq,LR1,2,1,0,0,0,45
2168,phq,SVC1,2,0,0,0,1,45
2169,phq,kNN5,2,0,0,0,1,45
2170,phq,RF,2,0,0,0,1,45
2171,phq,XG,2,0,0,0,1,45
2172,phq,NB,3,1,0,0,0,45
2173,phq,LR1,3,1,0,0,0,45
2174,phq,SVC1,3,0,0,0,1,45
2175,phq,kNN5,3,0,0,0,1,45
2176,phq,RF,3,0,0,0,1,45
2177,phq,XG,3,0,0,0,1,45
2178,phq,NB,4,1,0,0,0,45
2179,phq,LR1,4,1,0,0,0,45
2180,phq,SVC1,4,0,0,0,1,45
2181,phq,kNN5,4,0,0,0,1,45
2182,phq,RF,4,0,0,0,1,45
2183,phq,XG,4,0,0,0,1,45
2184,phq,NB,5,1,0,0,0,45
2185,phq,LR1,5,1,0,0,0,45
2186,phq,SVC1,5,0,0,0,1,45
2187,phq,kNN5,5,0,0,0,1,45
2188,phq,RF,5,0,0,0,1,45
2189,phq,XG,5,0,0,0,1,45
2190,phq,NB,6,1,0,0,0,45
2191,phq,LR1,6,1,0,0,0,45
2192,phq,SVC1,6,0,0,0,1,45
2193,phq,kNN5,6,0,0,0,1,45
2194,phq,RF,6,0,0,0,1,45
2195,phq,XG,6,0,0,0,1,45
2196,phq,NB,7,1,0,0,0,45
2197,phq,LR1,7,1,0,0,0,45
2198,phq,SVC1,7,0,0,0,1,45
2199,phq,kNN5,7,0,0,0,1,45
2200,phq,RF,7,0,0,0,1,45
2201,phq,XG,7,0,0,0,1,45
2202,phq,NB,8,1,0,0,0,45
2203,phq,LR1,8,1,0,0,0,45
2204,phq,SVC1,8,0,0,0,1,45
2205,phq,kNN5,8,0,0,0,1,45
2206,phq,RF,8,0,0,0,1,45
2207,phq,XG,8,0,0,0,1,45
